0,42.0,0.71,21.25,0.43,30.0,0.0
250,41.5,0.5,20.25,1.48,31.25,1.09
500,41.5,0.5,14.25,1.92,33.0,0.0
750,40.75,0.83,15.75,0.43,33.0,0.0
1000,40.0,0.71,20.0,2.74,32.75,0.43
1250,41.25,0.83,24.25,0.43,31.5,0.87
1500,42.25,0.43,23.75,0.43,35.25,1.3
1750,43.5,0.87,21.0,0.0,36.0,0.0
2000,42.75,0.83,21.25,0.43,36.0,0.0
2250,43.25,0.43,23.75,0.43,36.0,0.0
2500,43.25,0.83,24.5,0.5,36.0,0.0
2750,43.75,0.43,24.25,0.43,36.0,0.0
3000,44.33,0.47,24.0,0.0,36.0,0.0
3250,44.5,0.5,24.0,0.0,36.0,0.0
3500,44.75,0.43,24.0,0.0,36.0,0.0
3750,45.0,0.0,24.0,0.0,36.25,0.43
4000,45.0,0.0,23.75,0.43,36.0,0.0
4250,45.0,0.0,23.25,1.3,36.0,0.0
4500,45.0,0.0,24.0,0.0,36.5,0.5
4750,45.0,0.0,21.5,1.5,37.0,1.0
5000,45.0,0.0,19.5,1.12,37.5,1.5
5250,45.0,0.0,21.0,0.0,37.0,1.0
5500,45.0,0.0,22.75,0.83,36.5,0.5
5750,45.0,0.0,24.0,0.0,36.25,0.43
6000,45.0,0.0,23.25,0.83,36.75,0.83
6250,45.0,0.0,23.75,0.43,37.0,1.0
6500,45.0,0.0,23.5,0.5,37.0,1.0
6750,45.0,0.0,23.67,0.47,36.0,0.0
7000,45.0,0.0,24.0,0.0,36.33,0.47
7250,45.0,0.0,24.0,0.0,36.25,0.43
7500,45.0,0.0,24.5,0.5,35.25,1.3
7750,45.0,0.0,24.75,0.83,35.25,1.3
8000,44.5,0.5,24.0,0.0,35.25,1.3
8250,44.5,0.5,24.0,0.0,36.0,0.0
8500,44.5,0.5,24.0,0.0,36.0,0.0
8750,44.25,0.83,24.0,0.0,36.0,0.0
9000,44.5,0.5,24.0,0.0,36.0,0.0
9250,44.5,0.5,24.0,0.0,36.0,0.0
9500,44.5,0.5,24.0,0.0,36.0,0.0
9750,44.0,0.71,24.0,0.0,36.0,0.0
10000,44.33,0.47,24.0,0.0,36.0,0.0
10250,43.75,0.43,24.0,0.0,36.0,0.0
10500,44.5,0.5,24.0,0.0,36.0,0.0
10750,44.33,0.47,24.0,0.0,36.0,0.0
11000,44.5,0.5,24.0,0.0,36.0,0.0
11250,44.5,0.5,24.0,0.0,36.0,0.0
11500,44.0,0.71,24.0,0.0,36.0,0.0
11750,43.75,0.43,24.25,0.43,35.5,1.5
12000,44.75,0.43,23.75,0.43,36.0,0.0
12250,45.0,0.0,24.0,0.0,36.0,0.0
12500,45.0,0.0,24.0,0.0,36.0,0.0
12750,44.5,0.5,23.75,0.43,36.0,0.0
13000,44.67,0.47,24.0,0.0,34.0,1.41
13250,44.5,0.5,24.0,0.0,36.0,0.0
13500,44.33,0.47,23.67,0.47,36.0,0.0
13750,44.5,0.5,24.0,0.0,35.25,1.3
14000,44.5,0.5,23.75,0.43,36.0,0.0
14250,44.5,0.5,24.0,0.0,36.0,0.0
14500,44.0,0.71,23.0,1.22,36.5,0.5
14750,44.25,0.43,22.0,1.0,36.5,0.5
15000,44.5,0.5,23.0,1.22,36.25,0.43
15250,44.5,0.5,24.0,0.0,37.0,1.22
15500,44.5,0.5,24.0,0.0,37.25,0.83
15750,44.5,0.5,24.0,0.0,36.75,0.83
16000,44.5,0.5,21.75,1.3,36.75,0.83
16250,44.5,0.5,23.0,1.22,37.25,1.3
16500,44.75,0.43,25.0,0.0,36.67,0.94
16750,45.0,0.0,24.0,0.0,36.67,0.94
17000,45.0,0.0,24.0,0.0,37.0,1.0
17250,44.67,0.47,22.25,1.09,37.33,0.94
17500,44.5,0.5,20.75,0.43,37.0,1.0
17750,44.33,0.47,21.0,0.0,37.0,1.0
18000,44.5,0.5,20.75,0.43,36.5,0.5
18250,44.5,0.5,21.0,0.0,36.5,0.5
18500,44.5,0.5,21.75,0.83,36.75,0.83
18750,44.5,0.5,22.75,1.64,36.75,1.3
19000,44.5,0.5,21.75,0.43,36.5,0.5
19250,44.5,0.5,21.0,0.0,36.0,0.0
19500,44.5,0.5,20.75,1.09,36.0,0.0
19750,44.0,1.0,23.0,0.71,36.0,0.0
20000,42.75,0.83,24.0,0.0,36.0,0.0
20250,41.5,0.5,23.0,1.0,36.0,0.0
20500,42.0,0.0,24.0,0.0,36.0,0.0
20750,42.0,0.0,23.75,0.43,36.0,0.0
21000,42.0,0.0,24.0,0.0,36.5,0.5
21250,42.25,0.43,24.25,0.43,36.5,0.5
21500,42.33,0.47,24.0,0.0,36.67,0.47
21750,42.33,0.47,24.0,0.0,36.67,0.47
22000,42.0,0.0,23.25,1.3,37.0,1.0
22250,42.33,0.47,23.33,0.94,36.5,0.5
22500,42.0,0.0,23.33,0.47,36.5,0.5
22750,42.0,0.0,23.0,1.22,36.5,0.5
23000,42.25,0.43,22.5,0.5,36.25,0.43
23250,42.0,0.0,23.25,0.43,36.5,0.5
23500,42.0,0.0,23.5,0.5,36.0,0.0
23750,42.0,0.0,24.0,0.0,36.25,0.43
24000,42.0,0.0,24.0,0.0,36.25,0.43
24250,42.0,0.0,24.0,0.0,36.5,0.5
24500,42.0,0.0,24.0,0.0,36.5,0.5
24750,42.0,0.0,24.0,0.0,36.25,0.43
25000,42.0,0.0,24.67,0.94,36.33,0.47
25250,42.0,0.0,24.5,0.87,36.5,0.5
25500,42.0,0.0,24.25,0.43,36.5,0.5
25750,42.0,0.0,24.0,0.0,36.25,0.43
26000,42.0,0.0,24.0,0.0,36.33,0.47
26250,42.0,0.0,24.0,0.0,36.0,0.0
26500,43.33,0.94,24.0,0.0,36.0,0.0
26750,43.67,0.47,24.0,0.0,36.0,0.0
27000,44.25,0.43,24.0,0.0,36.0,0.0
27250,44.5,0.5,24.0,0.0,36.0,0.0
27500,45.0,0.0,22.5,0.5,36.0,0.0
27750,43.75,1.09,22.5,0.5,36.0,0.0
28000,43.0,0.71,20.0,0.71,36.0,0.0
28250,40.5,1.12,20.67,0.47,35.67,0.47
28500,38.75,0.43,23.4,0.49,33.0,0.0
28750,41.5,1.5,22.0,0.82,35.0,1.41
29000,43.5,0.5,22.25,0.43,36.5,0.5
29250,44.33,0.47,21.25,0.43,36.67,0.47
29500,44.75,0.43,22.25,0.83,36.0,0.0
29750,42.5,0.5,19.25,0.83,36.25,0.43
30000,43.67,0.47,21.33,0.47,36.75,0.83
30250,45.0,0.0,22.0,1.41,37.75,1.3
30500,45.33,0.47,24.0,0.0,38.0,1.0
30750,45.75,0.43,26.0,0.71,37.5,1.5
31000,45.25,0.43,26.5,0.5,37.5,1.5
31250,45.0,0.0,25.33,1.25,37.33,1.25
31500,45.5,0.5,24.25,0.43,37.5,1.5
31750,45.0,0.0,24.75,0.83,37.0,1.0
32000,45.0,0.0,23.5,0.5,36.5,0.5
32250,44.83,0.37,18.33,1.25,36.5,0.5
32500,43.5,1.12,19.25,1.3,36.5,0.5
32750,42.25,0.43,20.33,0.47,36.0,0.0
33000,42.0,0.0,19.75,0.83,36.0,0.0
33250,43.25,0.43,20.5,0.87,36.0,0.0
33500,45.0,0.0,19.5,1.12,36.0,0.0
33750,45.0,0.0,21.25,1.09,37.0,0.82
34000,45.0,0.0,24.0,0.0,37.25,1.3
34250,45.75,0.43,27.0,0.71,37.5,1.12
34500,46.5,0.5,27.67,0.94,37.33,1.25
34750,46.5,0.5,29.0,0.71,37.5,1.5
35000,45.5,0.5,28.5,0.87,37.5,1.12
35250,45.5,0.5,29.0,0.71,37.0,1.0
35500,45.5,0.5,28.25,0.43,37.25,1.3
35750,45.5,0.5,27.67,0.47,37.33,1.25
36000,45.0,0.0,28.0,0.0,37.5,1.5
36250,45.25,0.43,27.25,0.43,37.75,1.3
36500,45.25,0.43,26.5,0.87,38.0,1.0
36750,45.0,0.0,25.67,0.47,38.0,0.82
37000,45.33,0.47,26.33,0.47,38.0,1.0
37250,45.25,0.43,25.75,0.83,38.0,1.0
37500,45.0,0.0,24.0,0.0,38.25,0.83
37750,45.0,0.0,24.67,0.47,38.33,0.47
38000,45.0,0.0,24.25,0.43,38.5,0.5
38250,45.0,0.0,24.0,0.0,38.5,0.5
38500,45.0,0.0,24.0,0.0,38.5,0.5
38750,45.0,0.0,24.0,0.0,38.5,0.5
39000,45.0,0.0,24.0,0.0,38.33,0.47
39250,45.0,0.0,24.0,0.0,38.25,0.83
39500,44.75,0.43,21.75,1.48,37.75,1.09
39750,42.75,0.83,21.0,0.82,36.33,0.47
40000,41.67,0.47,24.0,0.0,36.0,0.0
40250,40.5,0.5,22.5,1.12,33.0,0.0
40500,40.5,0.5,21.0,0.0,32.5,0.5
40750,41.0,0.82,20.33,0.47,32.5,0.5
41000,42.0,0.0,21.0,0.0,33.5,1.5
41250,44.0,1.22,21.75,0.83,35.25,1.3
41500,45.0,0.0,24.0,0.0,36.0,0.0
41750,45.5,0.5,22.25,1.3,36.5,0.5
42000,45.25,0.43,22.0,1.22,36.75,0.83
42250,45.0,0.0,24.0,0.0,37.25,1.3
42500,45.25,0.43,25.5,1.12,37.75,1.3
42750,45.5,0.5,23.5,0.5,37.75,1.3
43000,46.5,0.5,24.33,0.47,37.67,0.94
43250,46.0,0.71,24.0,0.0,38.0,1.0
43500,45.67,0.47,24.25,0.43,38.33,0.94
43750,45.4,0.49,23.75,0.43,37.8,0.98
44000,45.67,0.47,25.0,0.71,38.33,0.94
44250,45.0,0.0,23.0,0.82,37.0,1.0
44500,45.0,0.0,18.5,2.29,36.5,0.5
44750,43.5,1.12,16.5,2.06,36.5,0.5
45000,42.0,0.0,21.0,0.0,36.0,0.0
45250,41.25,0.83,23.25,0.83,36.0,0.0
45500,41.5,0.5,23.33,0.94,36.0,0.0
45750,44.5,0.5,18.25,0.43,36.0,0.0
46000,45.0,0.0,20.25,0.83,36.0,0.0
46250,45.0,0.0,22.25,1.09,36.75,0.83
46500,45.25,0.43,24.0,0.0,36.67,0.94
46750,46.33,0.94,24.0,0.0,37.33,0.94
47000,45.25,0.43,23.25,0.83,36.5,0.5
47250,45.0,0.0,21.0,0.0,36.25,0.43
47500,44.0,1.22,18.0,0.0,36.0,0.0
47750,41.75,1.09,19.25,1.3,35.25,1.3
48000,38.25,1.48,22.5,1.12,35.25,1.3
48250,36.5,0.5,23.75,0.43,36.5,0.5
48500,40.75,1.3,23.0,0.71,36.0,0.0
48750,44.25,0.83,21.75,0.83,36.0,0.0
49000,45.5,0.5,24.0,0.0,36.0,0.0
49250,46.5,0.5,24.0,0.0,36.0,0.0
49500,46.25,0.83,24.0,0.0,36.0,0.0
49750,45.5,0.5,22.25,1.3,36.0,0.0
50000,45.25,0.43,20.25,0.43,35.25,1.3
50250,44.0,0.71,19.0,1.0,35.25,1.3
50500,43.67,0.47,18.75,0.43,35.0,1.41
50750,43.25,0.83,18.0,0.0,34.5,1.5
51000,44.0,0.71,17.75,0.43,33.0,0.0
51250,44.67,0.47,17.67,0.47,34.25,1.3
51500,45.0,0.0,19.25,1.3,36.75,1.3
51750,45.25,0.43,26.0,1.58,37.75,1.3
52000,46.0,0.0,29.25,0.43,37.75,1.3
52250,46.5,0.5,28.5,0.5,37.75,1.3
52500,45.5,0.5,28.5,0.5,37.75,1.3
52750,45.5,0.5,27.0,0.71,38.0,1.0
53000,45.0,0.0,26.33,0.94,37.67,0.94
53250,45.0,0.0,26.0,0.71,38.0,1.0
53500,45.0,0.0,26.5,0.5,38.33,0.94
53750,45.0,0.0,25.67,0.47,38.0,1.0
54000,45.0,0.0,25.5,0.5,38.25,0.83
54250,45.25,0.43,26.25,0.43,38.0,1.0
54500,45.0,0.0,26.5,0.5,38.0,1.0
54750,45.0,0.0,26.25,0.83,38.0,1.0
55000,45.0,0.0,25.0,0.71,38.25,0.83
55250,45.25,0.43,24.0,0.0,37.75,1.3
55500,45.0,0.0,22.25,0.83,36.75,0.83
55750,45.0,0.0,19.25,1.09,36.0,0.0
56000,44.25,0.83,19.67,0.47,35.0,1.41
56250,43.5,0.5,20.5,0.5,34.5,1.5
56500,42.75,0.83,21.0,0.0,35.0,1.22
56750,42.67,0.47,20.0,1.0,33.0,0.0
57000,43.25,0.43,20.0,0.71,33.75,1.3
57250,43.5,0.5,19.75,0.43,33.75,1.3
57500,44.75,0.43,19.75,0.43,34.25,1.3
57750,45.0,0.0,21.0,0.0,34.75,1.79
58000,45.0,0.0,23.33,0.47,36.0,0.0
58250,45.5,0.5,24.0,0.0,36.0,0.0
58500,45.75,0.43,24.0,0.0,36.0,0.0
58750,45.5,0.5,24.0,0.0,36.0,0.0
59000,45.25,0.43,23.25,0.83,36.0,0.0
59250,45.0,0.0,20.75,1.09,36.0,0.0
59500,44.25,0.83,18.0,0.0,36.0,0.0
59750,43.25,0.83,18.0,0.0,35.25,1.3
60000,43.33,0.94,18.0,0.0,35.67,0.47
60250,44.2,0.75,19.75,0.83,35.4,1.2
60500,45.0,0.0,21.75,0.83,35.0,1.41
60750,45.0,0.0,23.33,0.47,36.0,0.0
61000,45.0,0.0,24.0,0.0,36.0,0.0
61250,45.5,0.5,24.0,0.0,36.25,0.43
61500,46.25,0.43,24.0,0.0,36.25,0.43
61750,45.5,0.5,24.0,0.0,36.0,0.0
62000,45.0,0.0,21.25,0.43,36.0,0.0
62250,44.75,0.43,18.75,1.3,34.5,1.5
62500,44.0,0.71,18.5,0.5,35.0,1.22
62750,43.5,0.5,21.0,0.0,34.5,1.5
63000,44.25,0.43,21.0,0.0,35.25,1.3
63250,45.0,0.0,21.0,0.0,33.75,1.3
63500,45.0,0.0,22.75,1.09,36.0,0.0
63750,45.25,0.43,24.0,0.0,36.0,0.0
64000,45.5,0.5,24.0,0.0,36.0,0.0
64250,45.5,0.5,24.0,0.0,36.0,0.0
64500,45.5,0.5,24.0,0.0,36.0,0.0
64750,45.0,0.0,21.75,0.83,33.75,1.3
65000,44.75,0.43,20.0,0.0,34.5,1.5
65250,43.75,0.83,20.25,0.43,34.0,1.0
65500,43.5,0.5,19.25,0.43,33.0,0.0
65750,43.75,0.43,20.25,0.83,33.0,0.0
66000,45.0,0.0,21.25,0.43,33.0,0.0
66250,45.0,0.0,24.0,0.0,35.25,1.3
66500,45.67,0.47,24.25,0.43,36.33,0.47
66750,46.5,0.5,26.67,0.47,36.33,0.47
67000,46.75,0.43,27.5,0.5,37.0,1.0
67250,46.67,0.47,27.0,0.0,36.33,0.47
67500,46.0,0.71,24.5,0.5,36.0,0.0
67750,45.0,0.0,24.0,0.0,35.25,1.3
68000,44.5,0.87,21.75,0.83,33.0,0.0
68250,42.75,0.83,21.0,0.0,33.0,0.0
68500,42.75,0.43,21.0,0.0,33.75,1.3
68750,44.5,0.5,22.0,0.71,33.75,1.3
69000,45.0,0.0,24.0,0.0,35.25,1.3
69250,46.0,0.0,25.75,1.3,36.5,0.5
69500,47.0,0.0,27.0,0.0,36.5,0.5
69750,46.5,0.5,26.33,0.47,36.0,0.0
70000,46.0,0.71,24.0,0.0,35.25,1.3
70250,45.0,0.0,22.0,2.12,36.0,0.0
70500,43.0,1.41,16.5,2.96,33.0,0.0
70750,41.75,0.43,15.25,1.48,30.25,0.43
71000,41.25,0.43,19.0,1.22,30.0,0.0
71250,41.75,0.43,22.75,1.3,29.0,0.71
71500,42.5,0.87,24.0,0.0,29.0,0.0
71750,44.0,0.0,24.67,0.47,30.0,0.0
72000,45.0,0.0,26.25,0.43,30.0,0.0
72250,45.0,0.0,26.5,0.5,31.0,0.71
72500,45.5,0.5,25.75,0.43,32.0,0.0
72750,45.0,0.0,26.25,0.43,32.0,0.0
73000,45.0,0.0,25.0,0.71,32.0,0.0
73250,44.0,1.22,22.67,1.25,32.0,0.0
73500,42.25,0.43,20.0,1.0,33.0,0.0
73750,42.0,0.0,18.25,0.43,32.0,0.0
74000,42.25,0.43,17.5,0.87,32.0,0.0
74250,43.67,0.47,18.0,1.58,30.67,0.47
74500,44.75,0.43,21.5,0.87,31.0,0.71
74750,45.0,0.0,24.0,0.0,31.0,0.0
75000,45.5,0.5,25.75,0.43,30.75,0.43
75250,45.25,0.43,27.0,0.0,30.0,0.0
75500,45.0,0.0,25.5,1.12,30.0,0.0
75750,44.25,0.83,18.75,4.44,30.0,0.0
76000,42.0,0.71,11.67,1.25,30.0,0.0
76250,41.75,0.43,12.0,1.41,30.0,0.0
76500,42.0,0.0,6.5,2.96,30.0,0.0
76750,42.33,0.47,16.25,3.27,30.0,0.0
77000,44.25,0.83,23.5,0.5,30.0,0.0
77250,45.0,0.0,24.0,0.0,31.5,0.87
77500,45.0,0.0,24.25,0.43,32.0,0.0
77750,45.0,0.0,24.25,0.43,30.75,0.83
78000,43.75,1.09,23.25,0.83,30.0,0.0
78250,41.75,0.43,19.25,1.09,30.5,0.5
78500,41.75,0.43,19.5,1.12,30.75,0.83
78750,42.0,0.0,20.5,0.87,32.0,0.71
79000,43.5,0.5,22.33,0.94,32.67,0.47
79250,45.0,0.0,24.0,0.0,33.0,0.0
79500,45.0,0.0,24.5,0.87,33.0,0.0
79750,45.25,0.43,26.75,0.43,34.5,1.5
80000,45.0,0.0,25.25,0.83,33.75,1.3
80250,44.75,0.43,25.0,0.71,32.75,0.43
80500,43.0,1.22,24.0,0.0,30.0,0.0
80750,42.0,0.0,22.5,1.12,30.5,0.5
81000,42.0,0.0,21.0,0.0,30.0,0.0
81250,43.0,1.0,21.25,0.43,31.25,0.43
81500,45.0,0.0,23.75,0.43,33.0,0.0
81750,45.0,0.0,25.0,0.71,33.0,0.0
82000,45.33,0.47,26.0,0.82,33.0,0.0
82250,45.5,0.5,26.75,0.43,33.0,0.0
82500,45.5,0.5,26.0,0.71,33.0,0.0
82750,45.0,0.0,24.25,0.43,32.75,0.43
83000,43.5,1.12,23.75,0.43,31.5,0.5
83250,41.25,1.48,21.0,0.0,30.25,0.43
83500,39.0,0.71,23.33,0.94,30.67,0.47
83750,41.0,1.0,20.75,0.43,30.75,0.43
84000,43.5,1.12,21.0,0.0,32.33,0.94
84250,45.0,0.0,24.0,0.0,33.0,0.0
84500,45.0,0.0,24.0,0.0,33.0,0.0
84750,44.0,1.22,24.0,0.0,32.25,0.83
85000,42.67,0.94,20.0,1.22,31.0,0.0
85250,37.5,1.5,23.5,0.87,31.0,0.71
85500,35.0,1.41,25.33,0.94,32.75,0.43
85750,38.33,1.7,24.0,0.0,32.5,0.5
86000,43.0,1.0,23.5,0.5,33.75,1.3
86250,45.0,0.0,23.5,1.8,37.25,1.3
86500,46.25,0.43,26.25,1.3,38.0,1.0
86750,46.5,0.5,24.75,0.83,38.0,1.0
87000,46.5,0.5,26.67,0.47,37.67,0.94
87250,46.5,0.5,25.67,0.94,37.67,0.94
87500,46.25,0.83,24.0,0.0,38.25,0.83
87750,45.33,0.47,25.25,1.09,38.0,0.82
88000,45.33,0.47,24.0,0.0,37.75,1.3
88250,45.0,0.0,24.0,0.0,37.5,1.5
88500,45.0,0.0,24.0,0.0,38.0,1.0
88750,45.0,0.0,24.0,0.0,37.75,1.3
89000,45.0,0.0,23.5,0.5,38.25,0.83
89250,45.0,0.0,24.25,0.43,38.0,1.0
89500,45.0,0.0,24.0,0.0,37.75,1.3
89750,45.0,0.0,23.25,0.83,36.5,0.87
90000,44.25,0.83,24.0,0.0,36.0,0.0
90250,43.25,0.83,22.25,0.43,36.0,0.0
90500,42.75,0.83,23.0,0.0,36.0,0.0
90750,44.5,0.5,21.75,0.83,36.0,0.0
91000,45.0,0.0,25.0,1.87,36.75,0.83
91250,45.67,0.94,28.0,1.0,37.67,1.25
91500,47.33,0.47,26.67,0.47,36.5,0.5
91750,47.4,0.49,26.4,0.8,37.0,1.0
92000,46.5,0.5,24.75,0.83,37.5,1.5
92250,45.5,0.5,23.75,0.43,37.5,1.5
92500,45.0,0.0,21.25,0.43,37.25,1.3
92750,45.0,0.0,19.5,0.5,37.0,1.0
93000,45.0,0.0,18.0,0.0,36.5,0.5
93250,44.33,0.47,17.33,0.47,36.75,0.83
93500,44.5,0.5,18.0,0.0,36.5,0.5
93750,44.5,0.5,15.25,2.05,36.0,0.0
94000,44.0,0.0,16.75,1.3,36.5,0.5
94250,44.5,0.5,17.25,1.92,36.75,0.83
94500,44.75,0.43,21.0,0.0,37.0,1.0
94750,45.0,0.0,22.0,1.22,37.0,1.0
95000,45.0,0.0,24.0,0.0,37.25,1.3
95250,45.0,0.0,24.0,0.0,37.0,1.0
95500,45.0,0.0,23.0,1.22,37.0,1.0
95750,45.0,0.0,20.75,0.43,36.75,0.83
96000,44.25,0.83,19.0,0.0,36.5,0.5
96250,43.67,0.47,20.33,0.47,36.33,0.47
96500,43.5,0.5,19.0,0.0,36.67,0.47
96750,43.17,0.69,18.2,0.4,36.2,0.4
97000,43.25,0.43,18.0,0.0,36.5,0.5
97250,43.67,0.47,18.0,0.0,36.33,0.47
97500,43.25,0.83,19.75,0.43,36.25,0.43
97750,43.33,0.47,20.0,0.0,36.5,0.5
98000,43.5,0.5,21.0,0.0,36.5,0.5
98250,43.5,0.5,20.5,0.5,36.0,0.0
98500,43.5,0.5,19.5,0.5,36.5,0.5
98750,43.5,0.5,20.0,0.0,36.5,0.5
99000,43.5,0.5,20.25,0.43,36.25,0.43
99250,43.25,0.83,18.75,0.43,36.25,0.43
99500,43.0,1.0,18.33,0.47,36.33,0.47
99750,43.0,1.0,18.5,0.5,36.0,0.0
100000,42.75,0.83,20.0,0.0,36.25,0.43
100250,43.5,0.5,19.5,0.5,36.0,0.0
100500,43.0,1.0,20.0,0.0,36.0,0.0
100750,42.75,0.43,19.0,0.71,36.0,0.0
101000,42.67,0.47,20.25,0.83,36.0,0.0
101250,42.5,0.5,20.75,0.43,36.25,0.43
101500,42.67,0.94,20.0,0.0,36.0,0.0
101750,42.5,0.5,19.5,0.5,36.0,0.0
102000,42.75,0.43,18.25,0.43,36.0,0.0
102250,42.75,0.43,19.25,0.43,36.0,0.0
102500,42.75,0.43,19.25,0.43,36.0,0.0
102750,42.5,0.5,19.25,0.43,36.0,0.0
103000,42.75,0.43,18.75,0.43,35.5,0.87
103250,42.5,0.5,18.0,0.0,36.0,0.0
103500,42.5,0.5,20.0,0.71,36.0,0.0
103750,42.5,0.5,20.25,0.43,36.0,0.0
104000,42.5,0.5,18.5,0.87,36.0,0.0
104250,42.5,0.5,18.0,0.0,36.0,0.0
104500,42.5,0.5,17.75,0.43,36.0,0.0
104750,42.5,0.5,18.33,0.47,36.0,0.0
105000,42.5,0.5,18.0,0.0,36.0,0.0
105250,42.5,0.5,18.5,0.5,36.0,0.0
105500,43.0,0.0,18.25,0.43,36.0,0.0
105750,42.67,0.47,19.25,0.83,36.0,0.0
106000,42.5,0.5,21.0,0.0,36.0,0.0
106250,42.33,0.47,19.33,1.25,36.0,0.0
106500,42.5,0.5,18.0,0.0,36.0,0.0
106750,42.5,0.5,17.75,0.43,36.0,0.0
107000,42.5,0.5,18.0,0.0,36.0,0.0
107250,42.5,0.5,18.0,0.0,36.0,0.0
107500,42.5,0.5,18.0,0.0,36.0,0.0
107750,42.75,0.43,18.25,0.43,36.0,0.0
108000,43.25,0.83,17.0,0.0,36.0,0.0
108250,43.5,0.5,18.0,0.0,36.0,0.0
108500,43.5,0.5,18.33,0.47,36.0,0.0
108750,43.5,0.5,18.0,0.0,36.0,0.0
109000,43.67,0.47,18.0,0.0,36.0,0.0
109250,43.5,0.5,17.5,0.5,36.0,0.0
109500,43.33,0.47,18.0,0.0,36.0,0.0
109750,43.5,0.5,18.0,0.0,36.25,0.43
110000,43.5,0.5,18.0,0.0,36.0,0.0
110250,43.5,0.5,18.0,0.0,36.0,0.0
110500,43.5,0.5,17.75,0.43,36.33,0.47
110750,43.5,0.5,18.0,0.0,36.0,0.0
111000,43.5,0.5,18.25,0.43,36.0,0.0
111250,43.5,0.5,18.0,0.0,36.0,0.0
111500,43.5,0.5,17.67,0.47,36.0,0.0
111750,43.5,0.5,18.0,0.0,36.0,0.0
112000,43.67,0.47,18.0,0.0,36.0,0.0
112250,43.5,0.5,18.0,0.0,36.0,0.0
112500,43.33,0.47,18.0,0.0,36.0,0.0
112750,43.5,0.5,18.0,0.0,36.0,0.0
113000,43.5,0.5,19.0,0.71,36.5,0.5
113250,43.5,0.5,19.0,0.0,36.25,0.43
113500,43.5,0.5,18.75,0.43,36.0,0.0
113750,43.25,0.83,18.0,0.0,36.0,0.0
114000,43.25,0.83,18.5,0.5,36.0,0.0
114250,43.5,0.5,18.5,0.5,36.0,0.0
114500,43.25,0.83,19.5,0.5,35.5,0.87
114750,43.0,0.71,19.75,0.43,36.0,0.0
115000,42.67,0.47,18.25,0.43,36.0,0.0
115250,43.0,0.0,20.25,0.43,36.0,0.0
115500,43.0,0.71,20.25,0.43,36.25,0.43
115750,43.5,0.5,19.33,0.47,36.0,0.0
116000,43.25,0.83,18.5,0.5,36.0,0.0
116250,43.0,0.0,18.0,0.0,36.0,0.0
116500,43.0,1.0,18.25,0.43,36.0,0.0
116750,43.0,0.71,19.0,0.0,36.0,0.0
117000,43.0,0.71,19.5,0.5,36.0,0.0
117250,43.0,0.71,18.25,0.43,36.0,0.0
117500,43.5,0.5,19.5,0.5,36.0,0.0
117750,43.5,0.5,19.75,0.43,36.0,0.0
118000,43.0,0.82,18.33,0.47,36.25,0.43
118250,43.25,0.83,18.75,0.43,36.0,0.0
118500,42.75,0.83,18.0,0.0,36.25,0.43
118750,42.5,0.5,20.0,0.82,36.0,0.0
119000,42.67,0.47,21.0,0.0,36.33,0.47
119250,44.33,0.94,21.0,0.0,36.33,0.47
119500,45.25,0.43,26.75,1.79,36.0,0.0
119750,47.25,0.83,29.75,0.43,35.25,1.3
0,47.33,0.47,28.0,0.82,34.25,1.3
250,47.5,0.5,29.0,1.22,36.0,0.0
500,47.5,0.5,30.0,0.0,36.75,0.83
750,47.0,0.71,28.0,1.22,37.0,1.22
1000,45.0,0.71,24.25,1.79,36.0,0.0
1250,41.0,3.0,22.5,1.12,36.0,0.0
1500,36.25,0.43,26.75,0.43,36.0,0.0
1750,36.0,0.0,28.0,0.71,36.0,0.0
2000,38.5,2.29,24.0,2.12,35.0,1.22
2250,43.75,1.3,21.25,0.43,33.75,1.3
2500,45.0,0.0,24.0,0.0,36.25,0.43
2750,46.25,0.43,26.75,0.43,37.0,1.0
3000,46.5,0.5,27.0,0.0,37.0,1.0
3250,46.5,0.5,27.0,0.0,36.75,0.83
3500,45.75,0.83,24.75,1.3,36.25,0.43
3750,43.75,1.09,23.0,0.0,36.0,0.0
4000,42.0,0.0,23.75,0.43,36.0,0.0
4250,42.33,0.47,23.5,0.87,36.0,0.0
4500,43.67,0.47,21.0,0.0,36.0,0.0
4750,44.75,0.43,22.0,0.71,36.0,0.0
5000,45.0,0.0,22.25,0.43,36.0,0.0
5250,45.0,0.0,22.75,0.43,36.75,0.83
5500,45.5,0.5,23.75,0.43,37.0,1.0
5750,46.5,0.5,24.25,0.43,37.25,1.3
6000,46.75,0.43,24.5,0.5,37.0,1.0
6250,46.25,0.83,24.33,0.47,36.67,0.94
6500,45.25,0.43,22.4,1.2,36.2,0.4
6750,43.0,1.41,21.0,0.0,34.0,1.41
7000,38.5,1.8,24.0,0.0,33.0,0.0
7250,36.0,0.0,27.33,1.25,34.0,1.41
7500,36.0,0.0,28.75,0.83,35.5,0.87
7750,39.5,2.29,25.5,1.5,36.0,0.0
8000,44.0,0.82,21.25,1.48,36.0,0.0
8250,45.0,0.0,21.5,1.12,36.0,0.0
8500,46.33,0.47,24.0,0.0,36.75,0.83
8750,47.5,0.5,26.5,0.5,37.0,1.0
9000,47.75,0.43,27.5,0.5,37.0,1.0
9250,47.5,0.5,27.25,0.43,37.5,1.5
9500,46.5,0.5,26.0,0.82,37.0,1.41
9750,45.75,0.83,24.25,0.43,37.0,1.0
10000,45.0,0.0,26.0,1.58,37.75,1.3
10250,45.25,0.43,24.75,1.92,38.5,0.5
10500,45.67,0.47,21.5,0.5,38.67,0.47
10750,45.75,0.43,22.25,0.43,38.5,0.5
11000,45.5,0.5,22.75,0.43,38.5,0.5
11250,45.5,0.5,24.25,0.43,38.5,0.5
11500,45.0,0.0,24.0,0.0,38.5,0.5
11750,45.0,0.0,24.0,0.0,38.25,0.83
12000,45.0,0.0,23.75,0.43,37.75,1.3
12250,45.25,0.43,24.0,0.0,37.5,1.5
12500,45.0,0.0,23.75,0.43,37.5,1.5
12750,45.25,0.43,23.5,0.5,37.5,1.5
13000,45.0,0.0,23.25,0.43,37.5,1.5
13250,45.0,0.0,21.67,0.47,37.67,0.94
13500,45.33,0.47,24.0,0.0,38.67,0.47
13750,45.0,0.0,23.5,0.5,38.0,1.0
14000,45.0,0.0,23.67,0.47,38.0,1.0
14250,45.0,0.0,23.5,0.5,38.0,1.0
14500,45.0,0.0,24.0,0.0,38.25,0.83
14750,45.0,0.0,20.75,2.17,38.5,0.5
15000,45.0,0.0,14.5,1.8,38.25,0.83
15250,45.0,0.0,11.0,0.71,38.5,0.5
15500,45.0,0.0,11.67,0.47,38.5,0.5
15750,45.0,0.0,15.0,2.12,38.25,0.83
16000,45.0,0.0,14.25,1.48,38.5,0.5
16250,45.0,0.0,11.0,0.71,37.75,1.3
16500,45.0,0.0,11.5,1.5,37.5,1.12
16750,45.0,0.0,18.25,3.7,38.33,0.94
17000,44.0,1.22,20.5,0.87,36.75,0.83
17250,40.75,1.09,21.33,1.25,36.0,0.0
17500,38.0,1.22,24.0,0.0,36.0,0.0
17750,36.33,0.47,24.0,0.0,36.0,0.0
18000,35.75,1.79,25.5,1.12,36.0,0.0
18250,36.5,0.87,24.25,0.43,34.5,1.5
18500,37.0,1.41,21.67,0.94,36.25,0.43
18750,42.25,0.83,20.5,0.87,36.25,0.43
19000,44.75,0.43,18.75,1.3,36.0,0.0
19250,45.5,0.5,23.5,1.5,36.0,0.0
19500,46.0,0.71,25.0,0.71,36.0,0.0
19750,45.5,0.5,23.75,0.43,37.0,1.22
20000,45.25,0.43,25.0,1.22,37.75,1.3
20250,44.75,0.43,25.0,1.41,37.0,1.41
20500,44.5,0.5,24.0,0.0,37.0,1.0
20750,44.67,0.47,24.0,0.0,37.33,0.94
21000,44.33,0.47,23.67,0.47,37.25,1.3
21250,44.75,0.43,22.5,0.5,37.75,1.3
21500,44.75,0.43,23.75,0.43,37.25,1.3
21750,44.33,0.47,24.0,0.0,37.25,1.3
22000,44.5,0.5,23.0,0.0,37.25,1.3
22250,44.5,0.5,23.75,0.43,37.25,1.3
22500,44.33,0.47,23.67,0.47,37.5,1.5
22750,44.75,0.43,22.33,0.94,37.67,0.94
23000,45.0,0.0,22.75,0.83,37.0,1.0
23250,44.25,0.83,21.0,0.0,36.25,0.43
23500,43.25,0.83,20.5,0.5,36.0,0.0
23750,43.5,0.5,20.25,0.43,36.0,0.0
24000,43.75,0.43,21.0,0.0,36.0,0.0
24250,43.5,0.5,21.0,0.0,36.0,0.0
24500,45.0,0.0,21.75,0.83,36.0,0.0
24750,45.0,0.0,25.0,1.22,37.0,0.82
25000,45.25,0.43,22.0,1.63,36.67,0.94
25250,45.0,0.0,21.0,0.0,37.0,1.41
25500,45.0,0.0,21.0,0.0,38.0,1.0
25750,45.0,0.0,22.75,1.3,38.0,0.71
26000,45.0,0.0,23.0,1.22,36.0,0.0
26250,44.5,0.87,19.75,0.83,36.0,0.0
26500,41.5,1.5,21.0,1.41,33.75,1.3
26750,38.0,1.22,23.0,0.0,32.25,0.83
27000,37.0,1.0,22.5,0.5,32.0,0.0
27250,38.5,0.5,22.0,0.0,33.0,0.0
27500,40.75,0.83,22.0,0.0,33.0,0.0
27750,42.33,0.47,21.5,0.5,35.0,1.41
28000,44.75,0.43,21.0,0.0,36.0,0.0
28250,45.0,0.0,23.0,0.82,36.0,0.0
28500,45.67,0.47,24.0,0.0,36.75,0.83
28750,47.25,0.43,24.0,0.0,37.0,1.0
29000,47.5,0.5,25.0,0.71,37.0,1.0
29250,46.75,0.43,24.5,0.5,36.75,0.83
29500,45.75,0.83,24.0,0.0,36.25,0.43
29750,44.5,0.87,23.0,1.22,36.0,0.0
30000,41.5,1.5,21.0,0.0,36.0,0.0
30250,36.5,1.5,22.25,1.3,36.0,0.0
30500,36.33,0.47,27.33,1.25,36.0,0.0
30750,36.0,0.0,25.5,2.06,36.0,0.0
31000,41.0,1.22,20.0,0.71,36.0,0.0
31250,44.0,0.71,20.75,0.43,36.0,0.0
31500,45.0,0.0,23.67,0.47,36.25,0.43
31750,46.0,0.0,24.25,0.43,37.0,1.0
32000,46.5,0.5,27.0,0.0,37.5,1.5
32250,47.0,0.0,26.75,0.43,37.25,1.3
32500,46.5,0.5,25.0,1.22,36.75,0.83
32750,45.5,0.5,23.75,0.43,36.0,0.0
33000,44.0,1.22,20.25,0.83,36.0,0.0
33250,40.5,1.5,20.67,0.47,36.0,0.0
33500,37.0,1.41,24.25,1.09,35.0,1.41
33750,35.25,1.3,27.0,0.0,36.0,0.0
34000,38.25,1.48,23.0,1.22,36.0,0.0
34250,43.5,1.12,21.0,0.0,36.0,0.0
34500,45.0,0.0,24.0,0.0,36.75,0.83
34750,46.5,0.5,25.75,1.3,36.75,0.83
35000,47.25,0.43,28.0,0.71,36.5,0.5
35250,47.75,0.43,29.75,0.43,36.75,0.83
35500,47.25,0.83,28.5,1.12,37.0,1.0
35750,45.75,0.83,24.5,1.5,36.25,0.43
36000,42.75,1.79,19.5,1.5,36.0,0.0
36250,37.0,1.73,24.33,1.25,36.0,0.0
36500,36.0,0.0,26.75,0.43,36.25,0.43
36750,40.0,1.63,23.5,1.5,36.0,0.0
37000,43.33,0.94,21.67,0.94,36.25,0.43
37250,45.5,0.5,24.25,0.43,36.75,0.83
37500,47.25,0.43,24.0,0.0,36.75,0.83
37750,47.5,0.5,24.0,0.0,37.0,1.0
38000,46.5,0.5,24.0,0.0,37.0,1.0
38250,46.5,0.5,24.0,0.0,37.5,1.5
38500,45.25,0.43,19.5,4.15,37.75,1.3
38750,42.5,1.5,16.75,2.17,37.75,1.3
39000,40.25,1.3,20.5,2.29,36.25,0.43
39250,37.25,1.3,24.67,0.94,35.0,1.41
39500,35.25,1.3,26.75,0.43,33.0,0.0
39750,37.33,1.89,25.0,1.0,33.0,0.0
40000,43.25,1.3,22.5,1.12,33.0,0.0
40250,45.0,0.0,21.75,0.83,33.75,1.3
40500,46.0,0.82,25.0,1.22,36.0,0.0
40750,46.67,0.47,27.0,0.0,36.0,0.0
41000,45.33,0.47,25.25,1.3,35.0,1.41
41250,43.5,1.5,21.0,1.87,33.0,0.0
41500,38.0,1.41,21.0,0.0,33.0,0.0
41750,36.5,0.87,23.0,1.41,32.67,0.47
42000,35.25,1.3,23.25,0.83,33.0,0.0
42250,38.5,2.29,14.5,4.77,35.0,1.22
42500,44.0,1.22,13.25,4.44,36.0,0.0
42750,45.0,0.0,19.5,1.12,36.0,0.0
43000,44.75,0.43,20.0,0.82,36.0,0.0
43250,45.0,0.0,21.5,1.66,36.5,0.5
43500,45.0,0.0,20.25,1.48,36.0,0.0
43750,41.0,2.0,22.5,1.5,35.25,1.3
44000,33.75,1.3,25.33,1.25,33.0,0.0
44250,38.0,2.83,26.0,1.41,35.5,1.5
44500,44.0,1.22,16.25,3.42,36.75,0.83
44750,45.0,0.0,24.0,1.87,37.5,1.5
45000,45.33,0.47,26.0,1.41,38.0,1.0
45250,45.5,0.5,26.75,0.43,37.75,1.3
45500,45.5,0.5,28.25,0.83,37.75,1.3
45750,45.0,0.0,27.5,0.87,38.0,1.0
46000,45.0,0.0,27.0,0.0,37.75,1.3
46250,45.0,0.0,26.5,0.5,38.0,1.0
46500,45.0,0.0,26.25,1.3,37.75,0.83
46750,44.75,0.43,24.75,0.83,37.5,1.5
47000,44.75,0.43,22.0,1.41,37.0,1.41
47250,42.0,2.12,20.25,1.3,35.5,1.5
47500,36.75,2.28,22.25,0.83,32.5,0.5
47750,36.75,0.83,23.5,1.8,32.25,0.83
48000,39.33,0.47,27.0,0.0,33.0,0.0
48250,37.5,1.5,24.75,1.3,33.0,0.0
48500,39.33,2.05,21.0,0.0,31.75,0.83
48750,43.25,0.83,22.0,1.22,30.75,0.83
49000,45.0,0.0,25.25,0.83,33.75,1.3
49250,46.0,0.71,25.0,0.71,36.75,0.83
49500,46.25,0.83,25.25,0.83,36.75,0.83
49750,45.25,0.43,22.25,1.3,36.0,0.0
50000,42.0,2.12,21.0,0.0,32.75,0.43
50250,36.0,2.12,24.25,0.83,34.0,1.41
50500,35.5,1.5,25.0,1.22,35.25,1.3
50750,37.75,1.79,22.33,1.25,33.0,0.0
51000,42.33,0.47,24.0,0.0,33.0,0.0
51250,44.8,0.4,25.0,1.26,36.0,1.53
51500,46.25,0.43,27.5,0.5,37.25,1.3
51750,46.25,0.83,27.75,1.09,36.75,0.83
52000,45.25,0.43,25.33,0.47,36.0,0.0
52250,42.0,2.12,21.5,1.5,36.0,0.0
52500,35.67,2.49,24.75,0.83,36.33,0.47
52750,35.67,0.47,26.33,0.47,36.25,0.43
53000,36.75,1.3,24.75,1.3,34.5,1.5
53250,41.5,0.87,17.5,2.06,33.75,1.3
53500,44.75,0.43,19.75,2.38,36.0,0.0
53750,45.25,0.43,20.33,1.7,35.33,0.94
54000,46.0,1.0,24.0,0.0,36.0,0.0
54250,45.5,0.5,23.67,0.47,36.0,0.0
54500,45.0,0.0,24.0,0.0,33.75,1.3
54750,45.0,0.0,24.0,0.0,33.0,0.0
55000,45.0,0.0,22.0,2.12,33.0,0.0
55250,44.33,0.47,21.0,0.0,32.0,0.0
55500,43.5,1.12,21.0,0.0,32.75,0.43
55750,43.0,0.0,21.25,0.43,33.0,0.0
56000,44.0,1.0,22.75,0.43,33.0,0.0
56250,45.0,0.0,24.0,0.0,33.0,0.0
56500,45.0,0.0,22.0,1.0,33.75,1.3
56750,45.0,0.0,20.25,0.83,36.0,0.0
57000,45.25,0.43,18.75,1.3,36.0,0.0
57250,43.75,1.09,22.75,1.09,33.75,1.3
57500,38.75,2.17,24.0,0.0,33.0,0.0
57750,35.0,1.22,26.25,1.3,33.75,1.3
58000,36.0,0.0,27.0,0.63,33.6,1.2
58250,39.25,1.79,24.0,0.71,35.25,1.3
58500,43.5,1.12,21.0,0.0,36.0,0.0
58750,45.0,0.0,22.0,0.82,36.0,0.0
59000,45.25,0.43,24.0,0.0,36.5,0.5
59250,45.75,0.43,24.0,0.0,36.5,0.5
59500,45.25,0.43,23.0,1.22,36.25,0.43
59750,44.0,1.22,20.5,0.5,36.0,0.0
60000,39.75,1.79,23.5,0.87,35.0,1.22
60250,36.67,0.94,26.0,1.22,34.67,1.25
60500,35.25,1.3,27.25,0.43,36.0,0.0
60750,36.67,0.94,26.0,1.41,34.5,1.5
61000,43.25,1.3,21.5,0.87,35.25,1.3
61250,45.0,0.0,20.33,0.47,36.0,0.0
61500,45.0,0.0,22.5,1.12,36.25,0.43
61750,45.75,0.43,24.0,0.0,36.75,0.83
62000,45.5,0.5,24.0,0.0,36.75,0.83
62250,45.5,0.5,23.75,0.43,36.5,0.5
62500,44.25,1.3,21.25,0.43,36.0,0.0
62750,39.0,2.12,25.25,1.3,35.25,1.3
63000,36.0,0.0,27.33,0.47,35.0,1.41
63250,37.75,1.3,25.0,1.41,33.0,0.0
63500,42.0,1.41,21.5,2.29,33.0,0.0
63750,45.0,0.0,15.5,1.12,35.25,1.3
64000,45.0,0.0,20.25,0.83,36.0,0.0
64250,45.0,0.0,24.0,0.0,36.0,0.0
64500,45.0,0.0,23.67,0.47,36.5,0.5
64750,45.0,0.0,23.0,1.22,36.0,0.0
65000,43.5,1.12,20.5,0.5,36.0,0.0
65250,40.5,1.5,21.0,0.82,36.0,0.0
65500,38.75,1.09,23.5,1.5,36.0,0.0
65750,42.25,0.43,18.67,0.94,36.0,0.0
66000,45.0,0.0,21.0,0.71,36.25,0.43
66250,45.25,0.43,24.5,0.5,37.25,1.3
66500,46.0,0.71,26.0,0.71,37.0,1.0
66750,45.75,0.83,24.75,0.83,36.25,0.43
67000,45.0,0.0,21.5,0.87,35.0,1.41
67250,43.0,1.0,23.0,1.22,33.0,0.0
67500,37.75,1.3,24.25,0.43,32.5,0.87
67750,36.33,0.47,24.0,0.0,29.75,0.43
68000,36.75,0.83,22.25,0.83,29.75,0.43
68250,38.5,0.5,19.0,3.08,29.5,0.87
68500,41.75,0.43,10.0,0.82,30.0,0.71
68750,43.25,0.43,8.5,2.6,31.0,0.0
69000,44.25,0.43,15.5,2.29,31.0,0.0
69250,45.0,0.0,20.0,1.41,31.0,0.0
69500,45.0,0.0,21.75,0.83,31.67,0.47
69750,44.75,0.43,19.75,1.09,32.5,0.5
70000,42.33,0.47,15.5,0.87,32.67,0.47
70250,36.25,2.05,19.0,2.74,30.25,0.43
70500,33.0,0.0,21.0,0.0,29.5,0.5
70750,33.75,1.3,17.0,3.27,30.0,0.0
71000,39.75,0.83,13.0,1.22,31.75,1.09
71250,42.0,0.0,17.25,1.92,33.0,0.0
71500,43.75,0.43,17.75,1.79,33.75,1.3
71750,44.25,0.43,17.25,1.48,36.0,0.0
72000,44.75,0.43,19.75,1.3,37.25,1.3
72250,45.0,0.0,14.67,2.87,37.33,1.25
72500,45.0,0.0,16.5,3.35,36.5,0.5
72750,45.0,0.0,15.33,1.7,38.33,0.94
73000,43.75,0.83,17.25,0.43,38.5,0.5
73250,42.25,0.43,15.0,0.0,38.0,0.71
73500,41.33,0.94,15.33,4.5,35.5,1.5
73750,39.25,1.09,23.75,0.43,30.25,1.09
74000,38.25,0.83,23.5,0.87,28.75,0.43
74250,39.5,0.87,19.75,0.83,30.0,0.0
74500,41.75,0.43,16.25,2.68,30.0,0.0
74750,41.5,0.5,12.0,1.41,29.33,0.47
75000,40.75,1.09,17.75,1.48,29.25,0.43
75250,38.5,0.5,21.0,0.0,28.0,0.71
75500,39.0,0.0,22.0,0.0,28.33,0.47
75750,39.2,0.4,21.25,0.43,29.4,0.49
76000,41.0,0.82,21.0,0.0,30.0,0.0
76250,42.25,0.43,20.5,0.87,30.25,0.43
76500,43.0,0.82,16.33,0.47,30.25,0.43
76750,42.25,0.43,17.75,0.43,30.0,0.0
77000,40.5,1.12,18.0,0.0,29.5,0.87
77250,38.5,1.5,19.75,1.48,28.75,0.43
77500,36.5,0.87,23.0,0.71,29.5,0.5
77750,36.0,0.0,23.25,1.3,30.0,0.0
78000,39.75,1.3,14.75,2.17,29.75,0.43
78250,42.0,0.0,18.0,2.45,30.67,0.47
78500,42.0,0.0,19.5,1.12,32.5,0.5
78750,42.0,0.0,20.25,1.3,32.67,0.47
79000,41.75,0.43,21.0,2.16,32.33,0.47
79250,43.0,0.82,26.0,1.41,32.0,0.0
79500,44.0,0.82,26.33,0.47,31.75,0.43
79750,43.5,1.12,24.5,0.87,30.25,0.43
80000,42.0,0.0,21.25,0.43,30.0,0.0
80250,40.75,1.09,21.0,0.0,30.25,0.43
80500,39.0,0.71,21.0,0.0,30.0,0.0
80750,36.5,1.5,23.5,0.87,30.0,0.0
81000,35.0,1.41,25.0,0.82,32.0,0.71
81250,36.0,0.0,24.5,0.87,32.25,0.83
81500,40.0,1.0,23.0,0.82,31.67,0.47
81750,42.33,0.47,21.25,0.43,31.0,0.71
82000,43.0,0.82,21.5,0.87,30.33,0.47
82250,41.67,0.47,17.67,0.47,31.5,0.87
82500,39.0,2.12,21.75,1.92,32.75,0.43
82750,34.5,1.5,25.75,1.3,35.25,1.3
83000,35.25,1.3,26.75,0.43,34.5,1.5
83250,35.25,1.48,24.75,1.3,32.5,0.87
83500,40.75,1.3,18.25,2.38,32.5,0.87
83750,43.0,0.71,19.75,1.3,33.75,1.3
84000,45.0,0.0,23.0,1.41,35.0,1.41
84250,45.0,0.0,24.0,0.0,36.0,0.0
84500,44.0,1.22,23.67,0.47,32.25,0.83
84750,41.25,1.92,19.5,1.12,29.75,0.43
85000,35.25,2.49,23.25,1.48,31.0,1.0
85250,36.0,0.0,26.75,0.43,32.67,0.47
85500,36.0,0.0,26.33,0.47,33.0,0.0
85750,35.0,1.41,25.67,0.94,33.0,0.0
86000,35.6,1.36,24.0,1.26,32.25,0.43
86250,41.25,1.48,16.25,1.79,32.0,0.82
86500,44.5,0.87,22.5,1.5,33.0,0.0
86750,45.0,0.0,26.0,0.82,35.25,1.3
87000,45.0,0.0,27.0,0.0,35.25,1.3
87250,45.0,0.0,26.5,0.87,33.0,0.0
87500,43.5,1.12,22.0,2.74,32.75,0.43
87750,40.25,1.48,18.5,1.8,31.5,0.5
88000,36.0,2.12,23.0,1.22,32.5,0.5
88250,36.0,0.0,26.33,0.47,34.0,1.41
88500,35.75,0.43,24.75,0.83,33.0,0.0
88750,40.25,1.3,17.67,2.05,31.0,0.0
89000,42.75,0.83,15.0,2.55,32.25,0.43
89250,45.0,0.0,19.5,0.5,34.5,1.5
89500,45.0,0.0,20.0,1.22,36.0,0.0
89750,44.0,1.0,17.75,2.38,33.75,1.3
90000,40.5,1.5,24.0,0.0,31.75,1.09
90250,37.0,0.82,25.67,1.25,29.75,0.43
90500,36.25,0.43,27.75,0.43,30.25,0.43
90750,37.0,1.0,28.33,0.47,31.33,0.47
91000,37.75,1.79,25.0,1.67,30.2,0.4
91250,42.75,0.83,21.5,0.5,31.5,1.12
91500,44.75,0.43,20.25,2.28,33.0,0.0
91750,44.75,0.43,20.25,1.3,32.75,0.43
92000,42.5,1.8,17.25,2.49,30.5,0.5
92250,37.25,2.86,23.67,0.47,31.67,0.47
92500,36.25,0.43,27.25,2.17,34.0,2.12
92750,36.0,0.0,29.25,0.43,35.25,1.3
93000,38.67,0.47,24.5,0.87,33.0,0.0
93250,40.33,0.94,23.33,0.94,36.0,2.12
93500,42.0,0.0,18.75,2.49,38.0,1.0
93750,43.0,0.71,17.5,2.87,37.75,0.83
94000,45.0,0.0,24.75,1.3,37.0,1.0
94250,45.25,0.43,27.75,0.83,38.25,0.83
94500,45.0,0.0,25.5,1.12,37.0,0.71
94750,44.5,0.5,24.0,0.0,36.33,0.47
95000,43.75,0.83,23.0,1.22,34.5,1.5
95250,42.75,0.83,20.5,0.5,31.75,0.83
95500,43.0,0.82,22.5,1.12,30.0,0.0
95750,42.67,0.47,24.0,0.0,28.5,1.12
96000,42.0,0.0,24.5,0.5,27.0,0.71
96250,41.33,0.47,24.0,0.0,26.75,0.83
96500,42.5,0.5,26.5,0.5,26.5,0.5
96750,44.5,0.5,27.5,0.5,27.0,0.0
97000,45.0,0.0,27.5,0.5,27.5,0.5
97250,44.5,0.87,27.25,0.43,27.25,0.83
97500,42.0,1.41,24.0,2.45,26.0,1.0
97750,34.5,1.5,9.0,4.53,23.5,2.18
98000,36.0,0.0,17.5,0.87,20.0,1.22
98250,35.0,1.41,12.67,1.25,21.25,1.09
98500,41.0,1.26,23.0,3.16,24.0,0.0
98750,43.75,1.09,27.0,0.0,26.5,0.87
99000,45.0,0.0,25.33,0.94,28.0,0.0
99250,45.0,0.0,24.0,0.0,28.5,0.5
99500,45.0,0.0,24.0,0.0,28.5,0.5
99750,44.75,0.43,26.75,0.43,27.25,0.83
100000,41.75,1.79,22.25,4.02,26.25,0.83
100250,37.0,1.22,15.5,2.29,25.25,1.3
100500,36.0,0.0,19.0,0.71,24.5,0.5
100750,36.25,0.43,18.67,0.47,25.67,0.94
101000,40.75,1.3,18.0,2.74,26.75,0.43
101250,43.33,1.25,26.25,1.3,26.67,0.47
101500,45.0,0.0,24.0,0.0,29.0,0.71
101750,45.0,0.0,21.75,0.43,30.0,0.0
102000,45.0,0.0,23.0,0.71,30.0,0.0
102250,44.75,0.43,24.0,0.0,29.5,0.5
102500,42.75,1.48,23.25,1.3,27.5,1.5
102750,37.25,2.86,10.25,5.02,26.25,0.83
103000,36.0,0.0,15.25,2.05,26.75,0.43
103250,35.75,1.09,17.33,0.47,26.33,0.94
103500,36.0,0.0,11.0,4.24,26.33,0.47
103750,40.67,1.25,19.75,4.02,26.33,0.47
104000,43.5,0.87,24.75,0.83,26.75,0.43
104250,44.75,0.43,24.0,0.0,29.25,0.43
104500,45.0,0.0,22.0,0.71,29.5,0.5
104750,45.0,0.0,23.33,0.47,29.5,0.5
105000,43.75,1.09,24.0,0.0,28.0,1.41
105250,41.25,1.48,18.75,3.77,26.67,0.47
105500,36.75,1.3,14.75,1.48,26.5,0.87
105750,36.0,0.0,18.0,0.0,26.75,0.43
106000,35.0,1.41,15.75,2.49,26.67,0.47
106250,39.75,1.92,18.25,3.34,27.0,0.0
106500,42.25,0.43,24.33,0.47,27.33,0.47
106750,44.75,0.43,24.25,0.43,29.75,0.43
107000,45.0,0.0,23.25,0.43,30.0,0.0
107250,45.0,0.0,22.75,0.43,30.0,0.0
107500,44.33,0.47,24.0,0.0,29.67,0.47
107750,42.25,0.43,22.75,1.3,28.75,0.83
108000,38.6,1.5,18.0,0.71,26.0,1.41
108250,36.33,0.47,21.0,0.0,24.0,0.0
108500,34.67,1.25,20.25,0.43,24.0,0.0
108750,34.67,1.25,18.33,0.47,22.33,1.25
109000,36.75,0.83,15.75,1.48,22.75,1.09
109250,40.75,1.3,21.5,2.29,26.25,1.3
109500,43.33,0.47,24.0,0.0,30.33,0.47
109750,45.0,0.0,21.33,0.47,31.5,0.5
110000,45.0,0.0,20.25,0.43,31.5,0.5
110250,44.75,0.43,21.25,1.09,31.0,0.0
110500,43.25,1.09,23.67,0.47,30.0,0.0
110750,39.0,2.12,15.67,3.68,27.0,0.82
111000,34.5,1.5,12.33,2.05,24.0,0.0
111250,36.5,0.87,18.5,0.5,24.25,0.43
111500,36.33,0.47,18.33,0.47,24.75,0.83
111750,35.25,1.3,10.0,5.15,24.5,0.87
112000,40.75,1.3,22.0,2.45,27.25,0.43
112250,42.75,0.83,23.5,0.87,30.5,1.5
112500,44.5,0.5,16.0,4.06,32.75,0.43
112750,45.0,0.0,13.0,3.74,34.0,1.41
113000,45.0,0.0,22.0,0.82,35.0,1.41
113250,45.0,0.0,24.0,0.0,35.5,0.87
113500,45.0,0.0,23.5,0.5,34.5,1.5
113750,45.0,0.0,22.25,0.83,33.0,0.0
114000,44.25,0.83,21.75,0.83,31.75,0.43
114250,43.33,0.47,21.0,0.71,30.67,0.47
114500,42.0,0.71,23.25,1.3,30.25,0.43
114750,40.0,1.41,22.25,1.79,31.33,0.47
115000,35.0,1.41,21.67,1.7,30.25,0.43
115250,37.33,1.25,24.0,0.0,30.0,0.0
115500,39.0,0.0,24.25,0.43,30.0,0.0
115750,38.75,0.43,24.0,0.0,30.0,0.0
116000,36.0,2.12,24.0,0.0,30.0,0.0
116250,36.5,2.29,20.5,1.8,30.0,0.0
116500,42.5,0.5,25.0,1.58,30.0,0.0
116750,44.25,0.43,26.25,0.83,30.0,0.0
117000,44.5,0.5,25.5,0.5,30.0,0.0
117250,44.5,0.5,25.33,0.47,30.0,0.0
117500,42.25,1.09,24.75,0.83,28.0,1.0
117750,40.0,1.41,18.75,3.49,26.67,0.47
118000,36.75,0.83,11.67,0.47,25.67,1.25
118250,36.33,0.47,12.0,0.0,24.25,0.43
118500,37.25,0.83,9.67,1.25,23.75,0.43
118750,39.0,0.0,11.5,4.72,23.75,0.43
119000,41.5,0.5,22.25,1.92,26.25,1.3
119250,42.0,0.0,23.5,0.87,29.75,0.43
119500,42.5,0.5,21.0,0.0,30.0,0.0
119750,43.25,0.43,23.75,0.43,28.25,0.43
0,44.33,0.47,23.75,0.43,30.0,0.0
250,44.5,0.5,24.0,0.0,30.25,0.43
500,44.0,0.71,24.0,0.0,30.5,0.5
750,43.0,0.71,21.75,1.3,31.5,1.12
1000,42.75,0.43,25.0,2.24,35.25,1.3
1250,42.25,0.43,28.0,0.71,35.25,1.3
1500,42.0,0.0,27.33,0.47,34.25,1.3
1750,42.0,0.0,27.0,0.71,33.5,0.87
2000,42.0,0.0,27.5,0.5,35.25,1.3
2250,42.0,0.0,24.5,1.5,32.25,1.3
2500,42.5,0.5,20.25,1.09,30.75,0.83
2750,42.25,0.43,23.0,1.73,31.75,0.83
3000,42.75,0.43,24.0,0.0,32.33,0.47
3250,41.0,0.82,19.0,1.58,31.33,0.47
3500,40.5,0.5,20.5,0.5,31.0,0.71
3750,41.0,0.71,20.5,0.5,32.75,0.43
4000,42.0,0.0,21.0,0.82,33.0,0.0
4250,42.5,0.5,22.0,0.71,33.0,0.0
4500,42.0,0.0,23.75,0.43,33.0,0.0
4750,41.5,0.5,23.75,0.43,31.0,0.71
5000,40.5,1.12,19.0,1.87,30.0,0.0
5250,37.0,1.22,13.75,0.43,30.0,0.0
5500,36.0,0.0,14.0,0.82,30.0,0.0
5750,37.2,1.17,11.75,0.43,30.0,0.0
6000,40.0,1.0,18.75,2.49,30.0,0.0
6250,42.75,0.83,24.0,0.0,31.0,0.89
6500,45.0,0.0,24.0,0.0,30.67,0.47
6750,45.0,0.0,24.0,0.0,30.0,0.0
7000,45.0,0.0,24.0,0.0,30.33,0.47
7250,43.25,0.83,24.0,0.0,31.5,0.5
7500,41.33,0.94,22.0,1.63,29.75,0.43
7750,39.0,0.0,12.33,2.49,28.0,0.71
8000,38.6,0.49,3.6,1.96,26.75,0.43
8250,39.0,0.0,3.0,1.41,26.5,0.5
8500,40.0,0.71,11.25,3.03,27.0,0.0
8750,41.67,0.47,21.0,1.63,28.25,0.83
9000,42.6,0.8,24.0,0.0,30.0,0.0
9250,44.0,0.0,24.0,0.0,30.0,0.0
9500,44.5,0.5,23.5,0.5,30.0,0.0
9750,43.75,0.83,23.75,0.43,30.25,0.43
10000,42.75,0.83,24.0,0.0,29.75,0.43
10250,41.25,0.83,19.25,3.03,28.5,0.5
10500,40.0,0.82,7.33,3.68,28.0,1.0
10750,39.2,0.4,8.6,3.2,27.0,0.58
11000,39.25,0.43,8.25,1.92,27.0,0.0
11250,40.0,0.71,11.33,2.49,27.0,0.0
11500,42.0,0.0,20.0,2.24,28.25,0.43
11750,42.75,0.83,24.0,0.0,29.75,0.43
12000,44.25,0.43,24.0,0.0,30.0,0.0
12250,44.5,0.5,23.75,0.43,30.0,0.0
12500,44.25,0.83,24.0,0.0,30.0,0.0
12750,42.67,0.94,24.0,0.0,30.0,0.0
13000,41.25,0.83,19.75,2.59,28.25,1.09
13250,39.67,0.47,10.33,1.25,27.25,0.43
13500,39.0,0.0,12.25,0.83,27.0,0.0
13750,39.0,0.0,11.25,0.43,27.0,0.0
14000,41.5,0.5,16.25,3.7,27.5,0.5
14250,42.0,0.0,23.75,0.43,29.75,0.43
14500,44.0,0.71,24.0,0.0,30.0,0.0
14750,44.5,0.5,24.0,0.0,30.0,0.0
15000,44.0,0.71,24.0,0.0,30.0,0.0
15250,42.5,0.87,23.67,0.47,29.0,0.82
15500,41.25,0.83,15.5,2.87,27.5,0.5
15750,39.75,0.83,15.33,1.7,27.0,0.0
16000,39.0,0.0,18.0,0.0,26.5,0.5
16250,40.0,0.71,14.5,1.66,27.25,0.43
16500,41.5,0.5,16.5,3.2,28.5,0.5
16750,42.33,0.47,24.0,0.0,30.0,0.0
17000,43.67,0.47,24.0,0.0,30.0,0.0
17250,44.6,0.49,24.0,0.0,30.0,0.0
17500,43.5,0.5,24.5,0.5,30.0,0.0
17750,42.0,0.0,21.75,2.49,30.0,0.0
18000,38.33,0.94,9.0,1.63,29.0,1.22
18250,37.0,1.22,11.0,1.0,27.5,0.5
18500,36.25,0.43,11.25,1.3,28.5,0.5
18750,39.0,0.0,11.25,5.21,30.0,0.0
19000,41.75,0.43,23.25,1.3,30.0,0.0
19250,44.25,0.43,23.75,0.43,29.5,0.87
19500,45.0,0.0,24.0,0.0,28.0,0.71
19750,44.75,0.43,23.75,0.43,29.5,0.5
20000,43.25,0.83,23.5,0.87,30.0,0.0
20250,41.0,1.22,23.33,0.94,30.0,0.0
20500,38.0,1.58,15.0,3.32,28.25,0.83
20750,36.33,0.47,8.0,1.22,27.33,0.47
21000,37.5,1.12,11.0,1.22,26.75,0.43
21250,38.0,1.0,12.33,2.05,26.33,0.94
21500,37.33,1.25,14.67,0.47,26.25,0.83
21750,38.0,1.22,10.5,1.5,27.25,1.09
22000,42.25,0.83,21.25,2.17,30.0,0.0
22250,43.0,1.0,24.0,0.0,30.0,0.0
22500,41.25,1.3,20.5,3.35,28.25,1.09
22750,37.75,1.48,11.25,1.3,26.0,1.22
23000,34.5,1.5,15.0,1.41,24.5,0.87
23250,36.0,0.0,16.0,1.22,24.0,0.0
23500,34.5,1.5,15.5,0.5,24.0,0.0
23750,35.5,1.5,16.67,0.47,26.33,0.94
24000,40.0,1.0,17.4,4.8,28.6,0.49
24250,42.25,0.43,24.0,0.0,30.0,0.0
24500,44.0,0.0,24.0,0.0,30.0,0.0
24750,43.25,0.83,24.0,0.0,30.0,0.0
25000,42.0,0.71,23.75,0.43,28.5,1.5
25250,37.75,2.17,12.75,5.97,26.0,0.71
25500,35.75,0.43,14.75,3.11,24.5,0.5
25750,36.33,0.47,18.5,0.5,24.0,0.0
26000,36.25,0.43,18.25,0.83,24.0,0.0
26250,34.5,1.5,13.0,2.24,25.0,1.0
26500,39.6,2.06,16.25,4.21,27.6,0.8
26750,42.33,0.47,24.0,0.0,29.67,0.47
27000,44.0,0.71,24.0,0.0,30.0,0.0
27250,44.5,0.5,24.0,0.0,30.0,0.0
27500,43.5,0.5,24.0,0.0,30.0,0.0
27750,41.5,0.5,22.0,1.58,28.25,1.09
28000,37.33,1.25,15.67,1.89,27.0,0.0
28250,33.75,1.3,16.0,2.12,27.5,0.5
28500,36.0,0.0,20.75,0.43,29.0,0.0
28750,35.75,0.43,18.0,1.87,28.75,0.43
29000,37.25,1.3,10.75,1.79,27.5,0.87
29250,41.25,0.83,20.5,2.96,27.5,0.5
29500,44.0,0.71,24.0,0.0,29.0,0.0
29750,45.0,0.0,24.0,0.0,29.0,0.0
30000,45.0,0.0,24.0,0.0,28.5,0.5
30250,44.33,0.47,24.0,0.0,30.0,0.0
30500,41.2,1.17,21.0,2.24,27.8,1.17
30750,37.5,1.12,13.0,2.45,25.75,0.83
31000,34.0,1.41,3.67,1.25,23.67,0.47
31250,35.0,1.41,11.0,1.63,24.0,0.0
31500,36.25,0.43,15.75,1.3,24.25,0.43
31750,36.0,0.0,17.33,0.47,25.0,0.71
32000,35.25,1.3,14.0,3.54,26.5,0.87
32250,40.25,1.48,15.5,6.42,29.0,1.22
32500,42.5,0.5,24.25,0.43,31.0,0.71
32750,44.75,0.43,23.25,0.43,30.5,0.87
33000,45.0,0.0,24.33,0.47,30.0,0.0
33250,45.0,0.0,24.0,0.0,29.33,0.47
33500,43.0,1.41,22.5,1.12,30.0,0.0
33750,39.0,1.41,17.33,1.7,29.5,0.87
34000,35.75,1.79,15.25,1.92,27.75,0.43
34250,33.0,0.0,20.75,0.43,28.0,0.0
34500,35.25,1.3,16.25,1.92,27.5,0.5
34750,38.75,1.48,14.25,1.92,28.75,0.83
35000,42.5,0.5,18.75,0.43,30.25,0.43
35250,44.0,0.71,16.0,1.22,31.25,0.43
35500,44.5,0.5,17.25,1.48,31.25,0.43
35750,44.25,0.83,17.0,0.71,32.0,0.0
36000,43.5,0.5,14.33,0.47,30.67,0.47
36250,42.33,0.47,14.25,0.83,29.67,0.47
36500,38.0,1.41,13.67,1.89,27.25,1.64
36750,34.33,1.25,18.33,2.05,27.5,0.87
37000,38.0,1.58,13.25,1.92,28.5,0.87
37250,41.75,0.43,18.0,1.22,30.25,0.43
37500,43.0,1.0,22.5,0.87,31.25,0.43
37750,44.25,0.43,21.33,0.47,30.33,0.47
38000,44.5,0.5,23.5,0.5,30.25,0.43
38250,43.25,1.09,22.25,0.43,31.25,0.43
38500,39.5,2.18,17.5,5.12,30.25,0.43
38750,34.5,1.66,14.67,2.87,30.0,0.0
39000,35.0,1.41,18.5,1.12,30.0,0.0
39250,36.0,0.0,13.75,1.79,30.0,0.0
39500,38.0,1.22,15.0,1.87,30.0,0.0
39750,40.67,1.25,14.0,1.41,31.0,1.22
40000,42.5,0.5,18.75,2.49,35.75,1.79
40250,44.5,0.5,22.33,1.25,36.33,0.47
40500,45.0,0.0,19.6,2.42,37.0,1.26
40750,45.5,0.5,14.0,2.12,37.5,1.12
41000,45.75,0.43,19.5,1.12,37.0,1.0
41250,45.5,0.5,21.25,0.43,36.75,0.83
41500,45.5,0.5,21.25,0.43,36.5,0.5
41750,45.5,0.5,20.0,0.82,36.33,0.47
42000,45.25,0.43,20.5,0.87,36.5,0.5
42250,45.5,0.5,19.75,0.43,36.0,0.0
42500,45.5,0.5,20.33,0.47,36.0,0.0
42750,45.0,0.0,13.5,5.55,37.0,0.82
43000,45.0,0.0,21.25,2.17,36.0,0.0
43250,45.0,0.0,25.5,1.12,33.75,1.3
43500,45.33,0.47,25.67,1.25,36.25,0.43
43750,45.0,0.0,24.25,0.43,36.0,0.0
44000,44.75,0.43,24.0,0.0,33.75,1.3
44250,44.5,0.5,24.0,0.0,32.75,0.43
44500,44.5,0.5,24.0,0.0,31.25,0.43
44750,44.5,0.5,24.0,0.0,31.5,0.5
45000,44.5,0.5,24.0,0.0,32.0,0.0
45250,44.5,0.5,24.0,0.0,33.0,0.0
45500,44.4,0.49,23.2,1.17,33.0,0.0
45750,43.0,0.82,21.0,0.0,33.0,0.0
46000,41.4,0.8,19.0,0.89,32.75,0.43
46250,38.33,0.94,17.67,0.47,30.25,0.43
46500,38.75,0.43,17.0,1.0,30.0,0.0
46750,40.75,1.3,14.5,1.5,30.5,0.5
47000,42.0,0.0,18.0,1.41,31.5,0.5
47250,44.5,0.5,23.0,1.22,32.25,0.43
47500,45.0,0.0,24.5,0.5,31.67,0.47
47750,45.0,0.0,24.25,0.43,32.0,0.0
48000,44.5,0.5,24.25,0.43,31.5,0.5
48250,44.0,0.71,19.5,2.06,32.0,0.71
48500,43.5,0.5,14.75,1.48,32.0,0.0
48750,43.5,0.5,12.33,0.47,31.5,0.5
49000,43.0,1.0,11.67,0.94,31.67,0.47
49250,43.0,1.0,12.25,0.83,31.0,0.0
49500,43.5,0.5,12.5,1.5,31.5,0.5
49750,43.5,0.5,15.75,0.83,32.0,0.0
50000,43.67,0.47,17.25,0.43,32.0,0.0
50250,43.5,0.5,18.0,0.0,32.25,0.43
50500,43.5,0.5,17.25,0.43,32.0,0.0
50750,43.33,0.47,21.0,0.0,31.0,0.71
51000,43.5,0.5,18.5,1.5,31.5,0.87
51250,43.5,0.5,17.25,0.43,31.75,0.43
51500,43.5,0.5,18.0,0.0,31.5,0.5
51750,43.5,0.5,18.0,0.0,31.75,0.43
52000,43.75,0.43,17.75,0.43,32.0,0.0
52250,43.5,0.5,17.5,0.5,31.5,0.5
52500,43.5,0.5,17.5,0.5,31.75,0.43
52750,43.5,0.5,17.5,0.5,31.0,0.0
53000,43.5,0.5,18.0,0.0,31.25,0.43
53250,43.75,0.43,20.0,1.22,31.25,0.43
53500,45.0,0.0,24.25,1.09,30.67,0.47
53750,45.25,0.43,27.67,0.94,30.67,0.47
54000,45.67,0.47,28.25,0.43,32.33,0.47
54250,45.25,0.43,27.75,0.83,31.25,0.83
54500,45.0,0.0,26.0,1.41,30.0,0.0
54750,43.5,1.12,19.5,3.64,30.0,0.0
55000,40.0,1.22,10.75,1.3,28.5,1.12
55250,38.25,0.83,14.25,0.83,27.0,0.0
55500,38.25,0.83,15.25,0.43,27.25,0.43
55750,40.0,1.0,15.0,0.0,29.25,0.83
56000,42.25,0.43,18.75,2.49,30.75,0.43
56250,44.5,0.5,23.67,0.47,30.0,0.0
56500,45.0,0.0,26.33,0.47,30.0,0.0
56750,45.0,0.0,27.0,0.0,30.0,0.0
57000,45.0,0.0,26.5,0.5,30.0,0.0
57250,44.5,0.5,23.0,1.22,30.0,0.0
57500,42.67,0.47,16.67,1.25,30.0,0.0
57750,42.0,0.0,15.0,0.0,30.0,0.0
58000,42.0,0.0,15.0,0.0,30.0,0.0
58250,41.9,0.3,13.0,0.95,29.64,0.48
58500,40.0,2.83,15.33,0.47,29.5,0.5
58750,42.0,0.0,15.75,0.43,29.5,0.5
59000,42.0,0.0,15.0,0.0,30.0,0.0
59250,42.0,0.0,17.25,0.83,30.0,0.0
59500,42.33,0.47,17.5,0.5,30.0,0.0
59750,42.25,0.43,17.67,0.47,31.0,0.0
60000,42.33,0.47,17.75,0.43,31.67,0.47
60250,42.0,0.0,18.25,0.43,32.0,0.0
60500,42.5,0.5,20.75,0.43,31.25,0.43
60750,42.5,0.5,20.67,0.47,31.0,0.0
61000,42.75,0.83,19.0,1.87,31.0,0.0
61250,42.75,0.43,15.75,0.83,31.75,0.43
61500,42.75,0.83,17.25,0.83,32.0,0.0
61750,42.5,0.5,16.67,0.94,32.0,0.0
62000,43.0,1.0,17.67,0.47,31.67,0.47
62250,42.75,0.43,17.5,0.5,32.0,0.0
62500,43.5,0.5,18.0,0.0,31.75,0.43
62750,43.25,0.83,18.0,0.0,31.75,0.43
63000,43.25,0.83,19.75,0.43,31.25,0.43
63250,43.67,0.47,18.5,0.87,32.0,0.0
63500,43.25,0.43,19.5,0.87,32.0,0.0
63750,43.5,0.5,19.0,0.71,32.0,0.0
64000,42.67,0.94,20.67,0.47,32.0,0.0
64250,43.25,0.83,19.0,0.71,31.25,0.43
64500,43.0,0.71,18.5,0.5,30.75,0.43
64750,42.75,0.43,18.0,0.0,31.0,0.0
65000,43.0,1.0,16.25,1.3,31.0,0.0
65250,43.0,0.71,18.0,0.0,31.0,0.0
65500,43.0,0.0,18.0,0.0,31.5,0.5
65750,43.0,0.71,19.25,1.3,32.0,0.0
66000,42.75,0.83,20.0,0.82,32.0,0.0
66250,42.25,0.43,22.75,1.3,31.75,0.43
66500,41.75,0.43,23.5,0.5,32.0,0.0
66750,40.0,0.82,24.0,0.0,33.0,0.0
67000,41.0,0.71,24.0,0.0,34.5,1.5
67250,41.67,0.47,22.67,1.25,34.5,1.5
67500,42.0,0.0,24.0,0.0,33.75,1.3
67750,42.0,0.0,24.0,0.0,33.75,1.3
68000,42.0,0.0,24.0,0.0,33.75,1.3
68250,42.0,0.0,23.75,0.43,33.75,1.3
68500,41.75,0.43,24.0,0.0,33.0,0.0
68750,40.5,1.12,23.0,1.0,33.5,1.5
69000,40.5,0.5,21.5,0.87,33.75,1.3
69250,41.25,0.83,22.0,1.22,34.5,1.5
69500,42.5,0.87,24.0,0.0,33.67,0.94
69750,41.67,0.47,21.0,0.0,35.0,1.41
70000,41.33,0.94,20.5,0.5,35.0,1.41
70250,42.0,0.0,22.25,1.79,33.75,1.3
70500,42.0,0.0,21.0,0.0,36.0,0.0
70750,42.4,0.49,21.0,0.0,35.25,1.3
71000,42.0,0.0,24.0,0.0,32.75,0.43
71250,42.0,0.0,24.0,0.0,32.0,0.0
71500,42.0,0.0,24.0,0.0,31.75,0.83
71750,42.5,0.5,24.0,0.0,31.25,0.43
72000,42.25,0.43,23.0,1.22,32.0,0.71
72250,42.25,0.43,22.75,0.43,32.0,0.0
72500,42.25,0.43,22.5,0.87,32.0,0.0
72750,42.25,0.43,23.0,0.82,31.33,0.94
73000,42.0,0.0,22.75,0.43,32.0,0.0
73250,42.33,0.47,22.75,0.43,32.0,0.0
73500,42.33,0.47,22.67,0.47,32.0,0.0
73750,42.0,0.0,22.5,0.5,32.0,0.0
74000,42.25,0.43,22.25,0.43,32.5,0.5
74250,42.5,0.5,22.25,0.83,32.25,0.43
74500,42.0,0.0,22.25,0.83,31.5,0.87
74750,42.25,0.43,21.5,0.87,31.0,0.71
75000,42.0,0.0,19.5,1.12,30.25,0.43
75250,42.0,0.0,16.5,1.12,30.0,0.0
75500,42.0,0.0,16.75,1.64,30.0,0.0
75750,42.0,0.0,13.0,1.0,30.0,0.0
76000,42.0,0.0,16.0,0.71,30.0,0.0
76250,42.0,0.0,13.0,0.82,30.0,0.0
76500,42.0,0.0,14.67,0.47,30.0,0.0
76750,42.0,0.0,14.0,0.82,30.0,0.0
77000,42.0,0.0,14.25,1.09,30.0,0.0
77250,42.0,0.0,17.0,0.71,29.75,0.43
77500,42.0,0.0,17.5,0.5,29.0,0.71
77750,41.5,0.5,17.25,0.43,28.75,0.43
78000,41.5,0.5,17.5,0.5,28.75,0.43
78250,41.5,0.5,19.5,0.87,29.25,0.43
78500,41.5,0.5,17.5,0.5,29.0,0.71
78750,41.5,0.5,18.0,0.71,28.75,0.43
79000,41.5,0.5,19.25,0.83,28.5,0.5
79250,41.75,0.43,15.75,0.83,28.0,0.71
79500,41.5,0.5,18.0,0.0,28.25,0.43
79750,41.5,0.5,18.0,0.0,28.67,0.47
80000,41.5,0.5,15.67,0.94,28.67,0.47
80250,41.5,0.5,18.5,1.12,28.25,0.43
80500,41.5,0.5,15.5,0.5,28.0,0.0
80750,41.5,0.5,18.25,0.43,28.5,0.5
81000,41.67,0.47,17.25,1.92,28.0,0.82
81250,41.5,0.5,15.0,1.22,27.5,0.5
81500,41.5,0.5,18.0,0.0,28.25,0.43
81750,41.33,0.47,17.0,0.0,28.75,0.43
82000,41.5,0.5,19.33,0.94,29.67,0.47
82250,41.5,0.5,19.0,1.0,30.0,0.0
82500,41.5,0.5,20.75,0.43,30.0,0.0
82750,41.5,0.5,21.0,0.0,30.0,0.0
83000,41.5,0.5,20.0,1.22,30.0,0.0
83250,41.5,0.5,21.0,0.0,30.0,0.0
83500,41.5,0.5,20.5,0.5,30.0,0.0
83750,41.5,0.5,20.67,0.47,30.0,0.0
84000,41.5,0.5,20.75,1.09,29.75,0.43
84250,41.5,0.5,20.25,0.83,29.5,0.5
84500,41.5,0.5,20.75,0.43,29.25,0.43
84750,41.5,0.5,18.0,0.0,28.25,0.43
85000,41.5,0.5,20.25,0.43,28.5,0.5
85250,42.0,0.0,18.0,0.0,28.5,0.5
85500,41.8,0.4,20.33,0.94,29.0,0.0
85750,41.67,0.47,20.75,0.43,29.33,0.47
86000,41.75,0.43,20.5,0.5,29.25,0.43
86250,41.33,0.47,21.0,0.0,29.5,0.5
86500,41.75,0.43,20.25,0.83,29.0,0.71
86750,41.5,0.5,20.75,0.43,28.75,0.43
87000,41.5,0.5,20.75,0.43,28.5,0.5
87250,41.75,0.43,20.0,0.82,28.67,0.47
87500,42.0,0.0,21.0,0.0,30.0,0.0
87750,42.0,0.0,21.0,0.0,30.0,0.0
88000,42.0,0.0,20.5,0.5,30.0,0.0
88250,42.0,0.0,21.0,0.71,30.0,0.0
88500,42.0,0.0,20.75,0.43,30.0,0.0
88750,41.33,0.47,20.67,0.47,29.75,0.43
89000,41.5,0.5,19.0,0.71,29.75,0.43
89250,41.75,0.43,18.25,0.43,29.5,0.87
89500,41.25,0.83,18.5,0.5,28.75,0.43
89750,42.0,0.0,19.5,0.5,29.75,0.43
90000,42.0,0.0,18.33,0.47,30.0,0.0
90250,42.0,0.0,18.25,0.43,30.0,0.0
90500,42.0,0.0,18.25,0.43,30.0,0.0
90750,42.0,0.0,18.25,0.43,30.0,0.0
91000,41.5,0.5,20.0,0.71,30.0,0.0
91250,41.67,0.47,21.0,0.0,29.75,0.43
91500,41.5,0.5,21.0,0.0,30.0,0.0
91750,41.5,0.5,21.0,0.0,29.5,0.5
92000,41.5,0.5,20.5,0.5,29.5,0.5
92250,41.5,0.5,21.0,0.0,29.0,0.71
92500,41.5,0.5,21.0,0.0,28.5,0.5
92750,41.5,0.5,21.0,0.0,28.33,0.47
93000,41.5,0.5,20.25,0.83,27.75,0.43
93250,41.67,0.47,21.0,0.0,28.0,0.0
93500,41.5,0.5,20.5,0.5,28.25,0.43
93750,41.67,0.47,20.75,0.43,28.33,0.47
94000,42.0,0.0,21.0,0.0,29.75,0.43
94250,42.0,0.0,21.0,0.0,30.0,0.0
94500,41.5,0.5,20.0,0.0,30.0,0.0
94750,41.5,0.5,19.75,0.83,30.0,0.0
95000,41.75,0.43,19.25,0.83,30.0,0.0
95250,41.5,0.5,20.0,1.22,29.5,0.5
95500,41.5,0.5,19.25,0.43,29.25,0.43
95750,41.5,0.5,20.33,0.47,29.67,0.47
96000,41.67,0.47,20.25,0.43,29.75,0.43
96250,41.67,0.47,20.5,0.5,30.0,0.0
96500,41.0,1.0,21.5,0.5,30.0,0.0
96750,41.5,0.5,20.75,0.43,29.75,0.43
97000,41.5,0.5,21.25,0.43,29.5,0.5
97250,41.33,0.47,19.33,1.25,28.75,0.83
97500,41.5,0.5,18.25,0.43,29.25,0.43
97750,41.5,0.5,20.25,0.83,29.5,0.5
98000,41.5,0.5,19.5,0.5,30.0,0.0
98250,41.5,0.5,19.25,0.43,30.0,0.0
98500,41.5,0.5,18.25,0.43,29.5,0.5
98750,41.5,0.5,18.0,0.0,29.0,0.0
99000,41.75,0.43,17.75,0.43,29.25,0.43
99250,41.5,0.5,18.0,0.82,29.0,0.0
99500,41.67,0.47,20.75,0.43,29.33,0.47
99750,41.33,0.47,20.33,0.47,30.0,0.0
100000,41.33,0.47,21.0,0.0,30.0,0.0
100250,41.75,0.43,20.5,0.5,29.5,0.5
100500,41.5,0.5,20.0,0.0,29.5,0.5
100750,41.5,0.5,19.75,0.43,30.0,0.0
101000,41.5,0.5,19.25,0.83,30.0,0.0
101250,41.5,0.5,19.0,0.71,30.0,0.0
101500,41.5,0.5,18.33,0.47,30.0,0.0
101750,41.5,0.5,18.75,0.83,30.0,0.0
102000,41.5,0.5,18.33,0.47,29.67,0.47
102250,41.5,0.5,18.0,0.0,29.33,0.47
102500,41.6,0.49,18.2,0.4,29.5,0.5
102750,41.5,0.5,19.25,0.43,30.0,0.0
103000,41.5,0.5,18.25,0.43,30.0,0.0
103250,41.33,0.47,18.67,0.47,30.0,0.0
103500,41.75,0.43,18.25,0.43,30.0,0.0
103750,42.0,0.0,18.33,0.47,29.75,0.43
104000,42.0,0.0,16.75,1.09,30.0,0.0
104250,42.0,0.0,16.5,0.87,29.75,0.43
104500,42.0,0.0,17.5,0.87,29.75,0.43
104750,42.0,0.0,18.5,0.87,29.67,0.47
105000,41.5,0.5,18.5,1.5,30.0,0.0
105250,42.0,0.0,21.0,0.0,30.0,0.0
105500,42.0,0.0,22.75,1.09,29.5,0.5
105750,42.0,0.0,21.25,0.83,29.25,0.43
106000,42.0,0.0,12.5,2.29,27.0,0.0
106250,41.5,0.5,13.25,1.3,27.0,0.0
106500,41.33,0.47,15.0,0.0,26.75,0.43
106750,41.5,0.5,12.75,1.48,26.75,0.43
107000,41.5,0.5,12.75,0.43,27.5,0.5
107250,41.67,0.47,14.67,0.47,28.5,0.5
107500,42.0,0.0,16.8,0.98,27.67,0.75
107750,42.0,0.0,14.75,1.79,27.25,0.43
108000,41.75,0.43,16.25,0.83,26.5,0.5
108250,41.5,0.5,15.33,0.47,27.0,0.0
108500,41.5,0.5,15.75,0.83,26.75,0.43
108750,41.33,0.94,17.25,0.83,26.33,0.47
109000,41.25,0.43,16.5,0.87,26.5,0.5
109250,41.25,0.83,16.0,0.71,26.25,0.83
109500,41.0,0.71,13.0,0.0,26.5,0.5
109750,41.33,0.47,13.67,0.47,27.0,0.0
110000,41.5,0.5,13.5,0.87,27.0,0.0
110250,41.5,0.5,15.5,2.06,27.0,0.0
110500,41.5,0.5,17.0,0.71,27.0,0.0
110750,41.5,0.5,16.25,0.83,26.75,0.43
111000,41.5,0.5,17.0,0.71,26.5,0.5
111250,41.5,0.5,17.5,0.5,26.75,0.43
111500,41.25,0.83,17.75,0.43,26.75,0.43
111750,40.75,0.83,17.0,0.0,26.67,0.47
112000,40.5,0.5,16.75,0.43,26.5,0.5
112250,41.67,0.47,16.75,0.83,27.0,0.0
112500,40.67,0.94,16.67,0.47,27.0,0.0
112750,40.5,0.5,17.75,0.43,26.5,0.5
113000,41.0,0.71,17.75,0.43,26.5,0.5
113250,41.0,0.71,18.0,0.0,26.5,0.5
113500,41.5,0.5,18.0,0.0,26.75,0.43
113750,41.5,0.5,17.0,1.22,26.5,0.5
114000,41.5,0.5,14.5,0.87,26.5,0.5
114250,41.5,0.5,14.5,0.5,26.5,0.5
114500,41.5,0.5,15.0,0.0,26.75,0.43
114750,41.25,0.83,15.0,0.0,26.5,0.5
115000,41.5,0.5,15.25,0.43,27.0,0.0
115250,41.25,0.83,15.25,0.43,27.25,0.43
115500,41.5,0.5,15.5,0.5,27.0,0.0
115750,41.5,0.5,16.0,0.71,26.5,0.5
116000,41.5,0.5,15.0,1.0,26.75,0.43
116250,41.0,1.0,13.0,0.0,27.0,0.0
116500,41.33,0.94,13.75,0.43,27.0,0.0
116750,41.5,0.5,14.0,0.71,27.0,0.0
117000,41.25,0.83,15.0,0.0,27.0,0.0
117250,41.0,1.0,16.0,1.22,27.0,0.0
117500,41.5,0.5,18.5,0.5,26.75,0.43
117750,40.75,0.83,19.0,0.71,26.0,1.0
118000,40.33,0.47,17.67,0.47,26.25,0.83
118250,40.0,1.0,16.0,2.35,27.0,0.0
118500,39.25,1.09,20.75,0.43,29.25,0.83
118750,42.5,0.87,21.5,0.5,30.5,0.5
119000,42.5,0.5,21.0,0.0,30.0,0.0
119250,42.25,0.43,20.75,0.43,30.0,0.0
119500,40.5,1.12,23.5,0.87,29.5,0.5
119750,41.5,0.87,24.0,0.0,30.0,0.0
0,41.25,1.3,24.0,0.0,32.33,0.94
250,41.0,1.0,22.5,1.12,33.5,0.87
500,44.25,0.83,21.75,0.83,31.5,1.5
750,45.0,0.0,20.0,1.22,30.0,0.0
1000,45.25,0.43,15.25,2.86,30.5,0.5
1250,45.33,0.47,11.5,0.5,30.0,0.0
1500,46.75,0.43,13.0,0.82,30.0,0.0
1750,46.33,0.47,12.33,0.47,30.0,0.0
2000,45.5,0.5,12.33,0.47,29.67,0.47
2250,45.0,0.0,14.5,1.12,30.0,0.0
2500,45.0,0.0,18.0,0.71,27.25,1.79
2750,45.0,0.0,16.33,1.25,26.0,0.71
3000,45.0,0.0,17.75,0.43,25.0,1.22
3250,45.0,0.0,15.75,1.92,25.75,1.3
3500,45.0,0.0,13.25,0.43,27.0,0.0
3750,45.0,0.0,14.25,0.43,27.0,0.0
4000,45.0,0.0,17.0,1.58,26.25,0.83
4250,45.0,0.0,18.75,1.09,25.25,0.83
4500,45.0,0.0,15.5,0.5,23.5,0.5
4750,45.0,0.0,16.5,0.5,24.5,0.87
5000,44.5,0.5,16.0,1.22,21.75,0.43
5250,45.0,0.0,18.75,0.83,21.5,0.5
5500,44.5,0.5,20.75,0.43,21.25,0.43
5750,44.5,0.5,18.5,0.87,21.0,0.0
6000,44.5,0.5,20.75,0.43,21.5,0.87
6250,44.5,0.5,21.0,0.0,23.25,0.43
6500,45.0,0.0,20.75,0.43,23.25,0.83
6750,45.0,0.0,22.0,0.71,24.0,0.0
7000,45.0,0.0,23.0,0.82,23.67,0.47
7250,45.0,0.0,19.5,3.35,23.5,3.04
7500,45.0,0.0,15.5,2.5,27.75,0.43
7750,45.0,0.0,19.0,0.71,24.0,0.0
8000,45.0,0.0,19.0,2.12,23.67,0.47
8250,45.0,0.0,21.75,0.43,24.33,0.47
8500,45.0,0.0,19.0,2.0,24.5,0.5
8750,45.0,0.0,18.75,0.43,28.25,0.83
9000,45.0,0.0,17.5,1.66,26.75,1.79
9250,45.0,0.0,7.75,4.32,25.75,1.79
9500,45.0,0.0,9.33,2.62,28.25,0.83
9750,45.0,0.0,18.5,0.87,25.75,1.09
10000,45.0,0.0,18.75,0.43,25.25,1.3
10250,45.0,0.0,20.0,0.82,21.33,0.47
10500,45.0,0.0,20.67,0.47,22.0,1.0
10750,45.0,0.0,20.0,0.71,23.5,0.87
11000,45.0,0.0,18.33,0.47,25.0,0.82
11250,45.0,0.0,19.2,0.4,25.0,1.1
11500,45.0,0.0,19.67,0.94,23.33,0.47
11750,45.0,0.0,21.0,0.0,23.75,0.43
12000,45.0,0.0,19.5,1.12,24.33,0.47
12250,45.0,0.0,14.33,1.25,24.5,0.5
12500,45.0,0.0,13.0,0.71,22.0,1.22
12750,45.0,0.0,15.25,0.83,19.5,0.87
13000,45.0,0.0,17.75,0.43,22.0,0.71
13250,45.0,0.0,17.75,0.43,23.5,0.87
13500,45.0,0.0,18.25,0.43,22.75,0.43
13750,45.0,0.0,19.5,0.5,21.0,2.24
14000,45.0,0.0,20.5,0.5,23.75,0.43
14250,45.0,0.0,20.0,0.0,24.0,0.0
14500,45.0,0.0,19.25,1.3,23.75,0.43
14750,45.0,0.0,20.0,1.0,23.67,0.47
15000,45.0,0.0,20.75,0.43,24.0,0.0
15250,45.0,0.0,20.0,1.22,23.75,0.43
15500,45.0,0.0,16.0,2.16,22.75,1.3
15750,45.0,0.0,14.5,0.5,21.25,0.43
16000,45.25,0.43,16.0,2.12,22.0,1.22
16250,45.25,0.43,17.5,1.66,23.75,0.43
16500,45.0,0.0,15.0,0.71,23.5,1.5
16750,45.25,0.43,15.0,0.71,23.75,0.43
17000,45.0,0.0,13.33,1.89,23.67,0.47
17250,45.0,0.0,15.5,1.66,25.5,1.12
17500,45.0,0.0,15.0,0.71,24.25,0.43
17750,45.0,0.0,17.25,2.86,24.0,1.63
18000,45.0,0.0,18.75,2.49,25.5,1.12
18250,45.0,0.0,20.25,1.3,24.75,0.83
18500,45.0,0.0,20.33,0.47,23.0,0.71
18750,45.0,0.0,20.5,0.5,24.0,2.12
19000,45.0,0.0,19.5,0.87,27.25,0.43
19250,45.0,0.0,17.5,1.8,24.0,1.87
19500,45.0,0.0,20.25,0.83,21.75,0.83
19750,45.0,0.0,18.0,0.71,23.5,0.87
20000,45.0,0.0,18.75,0.43,24.5,0.5
20250,45.0,0.0,18.33,0.47,23.67,0.47
20500,45.0,0.0,20.25,0.43,21.0,0.0
20750,45.0,0.0,18.75,0.83,22.0,1.41
21000,45.0,0.0,17.0,0.0,24.0,0.0
21250,45.0,0.0,18.0,0.0,24.0,0.0
21500,45.0,0.0,18.25,0.43,23.5,0.5
21750,45.0,0.0,18.0,0.0,24.0,0.0
22000,45.0,0.0,18.0,0.0,24.0,0.0
22250,45.0,0.0,17.0,0.82,23.67,0.47
22500,45.0,0.0,16.33,0.47,24.33,0.47
22750,45.0,0.0,16.75,0.43,23.75,0.43
23000,45.0,0.0,18.75,0.83,24.0,0.0
23250,45.0,0.0,18.5,0.5,23.75,0.43
23500,45.0,0.0,16.5,0.5,23.33,0.47
23750,45.0,0.0,20.0,1.22,25.25,1.3
24000,45.0,0.0,15.67,2.62,26.5,0.87
24250,45.0,0.0,16.0,2.45,26.5,0.87
24500,45.0,0.0,18.75,1.3,25.0,1.22
24750,45.0,0.0,21.5,1.5,24.0,0.71
25000,45.0,0.0,20.75,1.79,23.25,1.3
25250,45.0,0.0,22.5,1.66,23.75,1.79
25500,45.0,0.0,16.25,3.49,17.75,3.42
25750,45.0,0.0,11.67,2.05,15.0,4.24
26000,45.0,0.0,13.75,1.09,18.25,1.09
26250,45.0,0.0,14.75,3.49,22.0,1.22
26500,45.0,0.0,18.25,1.79,24.5,0.87
26750,45.0,0.0,19.5,6.18,23.0,3.56
27000,45.0,0.0,17.0,1.41,23.75,0.43
27250,45.0,0.0,15.25,4.55,24.5,1.5
27500,45.0,0.0,18.0,3.67,26.0,0.71
27750,45.0,0.0,19.0,10.03,22.75,5.26
28000,45.0,0.0,13.75,3.49,26.25,1.48
28250,45.0,0.0,21.0,0.0,26.0,0.71
28500,45.0,0.0,20.25,1.3,25.0,0.71
28750,44.5,0.5,22.0,1.0,25.25,0.83
29000,44.5,0.5,23.5,0.87,26.75,0.43
29250,44.75,0.43,24.0,0.0,27.25,0.83
29500,44.75,0.43,24.75,0.83,25.5,1.12
29750,44.5,0.5,26.67,0.47,24.67,1.7
30000,43.5,0.5,26.67,0.47,21.67,0.47
30250,43.25,0.43,27.0,0.0,23.75,0.43
30500,43.5,0.5,26.5,0.5,23.75,0.43
30750,42.75,0.83,26.5,0.5,24.0,0.0
31000,42.75,0.43,27.0,0.0,24.25,0.43
31250,43.67,0.47,26.75,0.43,25.0,1.41
31500,43.33,0.47,26.0,1.41,24.25,0.43
31750,43.0,0.71,24.5,0.5,24.25,0.43
32000,42.5,0.5,24.5,0.5,24.0,0.0
32250,43.25,0.83,24.0,0.0,23.75,0.43
32500,43.5,0.5,24.0,0.0,23.5,0.5
32750,44.25,0.43,24.0,0.0,22.75,1.09
33000,44.33,0.47,24.0,0.0,23.75,0.43
33250,44.75,0.43,24.0,0.0,22.0,0.82
33500,45.0,0.0,23.5,0.87,24.0,0.0
33750,45.0,0.0,24.25,0.43,23.33,0.47
34000,45.0,0.0,24.0,0.0,23.0,0.82
34250,45.0,0.0,24.0,0.0,22.25,0.83
34500,45.0,0.0,24.0,0.0,22.75,0.83
34750,45.0,0.0,24.0,0.0,21.5,0.5
35000,45.0,0.0,23.5,0.5,23.25,1.3
35250,45.0,0.0,24.0,0.0,24.0,0.0
35500,47.25,0.83,22.75,1.3,25.5,1.12
35750,48.0,0.0,19.75,0.83,24.0,0.0
36000,46.75,1.09,21.0,0.0,23.5,0.5
36250,45.25,0.43,19.75,1.3,23.25,0.83
36500,44.25,0.83,21.5,1.5,21.0,0.0
36750,43.0,0.71,23.25,1.3,21.25,0.43
37000,43.25,0.83,20.33,0.94,21.67,0.94
37250,43.5,0.5,14.0,3.24,20.0,2.55
37500,44.0,0.71,12.0,0.71,22.0,1.22
37750,44.75,0.43,12.0,2.45,21.33,2.05
38000,45.0,0.0,12.5,2.29,22.25,0.83
38250,45.0,0.0,14.0,3.08,22.0,0.0
38500,45.0,0.0,16.75,1.3,22.0,1.0
38750,44.5,0.5,14.75,1.79,23.25,1.3
39000,44.5,0.5,16.0,0.0,23.25,0.43
39250,44.0,0.82,18.67,0.47,21.67,0.47
39500,44.5,0.5,18.5,1.5,21.0,0.0
39750,44.0,0.71,18.25,1.09,21.0,0.0
40000,43.75,0.43,20.0,1.22,20.0,1.73
40250,43.75,0.83,19.25,0.83,21.5,0.87
40500,44.0,0.0,19.25,0.43,21.75,0.83
40750,43.75,0.83,18.67,0.47,21.0,0.82
41000,43.5,0.5,20.75,0.43,20.75,0.43
41250,43.5,0.5,19.5,1.5,21.0,0.71
41500,43.67,0.47,20.75,0.43,21.67,0.94
41750,43.5,0.5,18.5,0.87,21.5,1.12
42000,43.33,0.47,18.67,0.94,20.5,1.12
42250,43.5,0.5,19.75,1.64,20.5,0.5
42500,43.5,0.5,19.25,0.83,20.0,0.71
42750,43.5,0.5,18.75,0.83,19.75,1.92
43000,43.5,0.5,17.33,0.47,19.33,1.7
43250,43.5,0.5,17.5,0.5,19.5,1.66
43500,43.5,0.5,18.75,0.43,20.0,1.22
43750,43.5,0.5,18.8,0.75,21.4,0.49
44000,43.75,0.43,18.0,0.0,21.0,0.0
44250,43.5,0.5,19.5,1.12,20.5,0.5
44500,43.5,0.5,19.75,0.83,20.5,0.5
44750,43.75,0.43,18.0,0.0,20.75,0.43
45000,43.75,0.43,17.5,0.5,21.25,0.43
45250,44.0,0.82,17.0,0.71,20.33,0.94
45500,42.0,0.0,16.75,1.3,14.0,0.82
45750,42.0,0.0,19.0,1.22,15.5,0.87
46000,42.0,0.0,16.75,1.3,20.5,2.87
46250,42.0,0.0,15.0,0.0,23.0,0.71
46500,42.25,0.43,14.0,0.71,22.0,0.71
46750,42.75,0.83,13.5,0.5,22.0,0.0
47000,43.5,0.5,17.5,0.87,21.5,0.5
47250,43.0,0.0,16.33,0.47,24.0,0.71
47500,44.25,0.43,6.25,3.34,24.0,0.0
47750,43.75,0.83,11.75,1.09,24.0,0.0
48000,43.5,0.5,12.0,2.12,24.0,0.0
48250,43.25,0.83,12.5,0.5,23.25,0.43
48500,43.25,0.83,13.67,0.47,23.67,0.47
48750,42.67,0.47,12.25,0.43,24.0,0.0
49000,42.0,0.0,13.0,1.0,22.67,0.47
49250,42.0,0.0,14.0,0.0,23.0,0.71
49500,42.0,0.0,12.33,1.25,22.25,0.43
49750,42.0,0.0,14.25,0.83,21.75,0.43
50000,42.0,0.0,15.0,0.0,21.75,0.83
50250,42.0,0.0,15.5,0.5,22.75,0.43
50500,42.25,0.43,15.67,0.94,22.67,0.47
50750,42.0,0.0,12.67,0.94,22.5,0.5
51000,42.0,0.0,12.0,0.0,21.0,0.0
51250,42.25,0.43,13.75,1.79,21.5,0.5
51500,42.33,0.47,14.75,1.79,21.33,2.05
51750,42.0,0.0,16.33,0.47,23.0,0.71
52000,42.25,0.43,15.75,0.83,23.25,1.3
52250,42.0,0.0,15.75,1.48,24.25,0.43
52500,42.0,0.0,13.25,1.79,24.25,0.43
52750,42.0,0.0,16.25,1.09,23.5,0.87
53000,42.0,0.0,14.0,1.22,20.5,0.5
53250,42.25,0.43,15.5,2.29,22.75,1.3
53500,42.0,0.0,9.0,4.5,22.75,1.3
53750,42.0,0.0,10.5,1.5,24.75,0.83
54000,42.0,0.0,14.0,3.09,23.0,1.96
54250,42.0,0.0,14.0,3.09,23.0,1.96
54500,42.0,0.0,10.5,1.5,24.75,0.83
54750,43.6,1.02,10.6,1.85,26.25,1.3
55000,43.33,0.94,6.5,4.5,23.5,0.87
55250,41.5,0.87,10.0,1.41,20.0,1.22
55500,39.5,0.87,12.75,0.83,15.25,1.09
55750,39.75,0.83,13.67,1.25,13.75,1.3
56000,39.25,0.43,15.75,0.83,11.0,1.0
56250,39.0,0.0,16.0,1.22,10.0,2.16
56500,39.25,0.43,15.67,2.05,14.67,2.05
56750,41.67,0.47,16.0,1.22,20.33,1.25
57000,44.0,0.71,17.0,0.71,23.5,0.87
57250,44.33,0.47,18.0,0.0,24.0,0.0
57500,44.0,0.71,16.5,1.5,24.25,0.43
57750,42.75,0.83,11.25,0.43,24.25,0.43
58000,42.5,0.5,11.0,1.22,24.0,0.0
58250,43.25,0.83,16.75,1.09,24.25,0.43
58500,44.75,0.43,19.5,1.12,23.5,1.12
58750,44.5,0.5,17.25,0.43,22.0,1.22
59000,45.0,0.0,17.67,0.47,22.0,0.82
59250,44.75,0.43,10.5,2.96,23.5,0.5
59500,44.0,0.82,11.0,2.74,23.33,0.47
59750,43.67,0.47,18.0,0.82,21.25,0.43
60000,44.25,0.83,18.5,0.5,22.0,0.71
60250,43.5,0.5,17.0,0.71,23.75,0.43
60500,43.5,0.5,15.5,2.29,24.0,0.0
60750,43.25,0.83,12.75,1.3,24.0,0.0
61000,43.25,0.83,15.25,0.43,21.0,1.22
61250,43.0,0.71,16.5,1.12,20.0,1.22
61500,43.0,0.71,14.75,1.09,21.5,1.5
61750,42.75,0.43,7.0,3.56,22.67,0.47
62000,43.25,0.43,10.75,3.77,21.5,0.5
62250,43.5,0.5,12.33,2.05,22.75,1.3
62500,44.0,0.82,11.0,2.12,22.67,0.47
62750,43.33,0.47,12.67,2.62,22.0,1.22
63000,43.33,0.47,9.0,4.24,20.0,1.0
63250,43.6,0.49,10.8,1.47,22.75,1.3
63500,44.0,0.0,12.33,0.47,22.75,0.83
63750,44.25,0.43,13.25,2.38,23.75,0.43
64000,44.5,0.5,14.75,1.3,23.75,0.43
64250,44.5,0.5,15.0,1.41,24.0,0.0
64500,44.25,0.83,16.5,1.12,24.75,0.83
64750,44.5,0.5,13.0,0.82,22.67,1.25
65000,44.5,0.5,16.25,0.83,22.5,0.87
65250,44.5,0.5,18.0,0.0,22.0,0.71
65500,44.33,0.94,17.75,0.83,22.0,1.41
65750,44.33,0.47,15.33,0.47,23.75,0.43
66000,44.25,0.83,15.25,0.43,24.25,0.43
66250,43.25,0.83,15.5,0.5,23.75,0.43
66500,42.25,0.43,15.25,0.83,23.75,0.43
66750,42.0,0.0,12.0,0.0,23.75,0.43
67000,42.0,0.0,12.0,0.0,23.5,0.87
67250,42.0,0.0,12.0,0.0,23.5,0.5
67500,42.0,0.0,13.25,0.83,23.25,0.43
67750,42.25,0.43,15.0,0.0,22.5,0.5
68000,42.5,0.5,13.5,0.5,23.0,0.71
68250,42.0,0.0,15.0,0.0,22.5,0.5
68500,42.25,0.43,15.0,0.0,22.67,0.47
68750,42.25,0.43,14.75,0.43,23.5,0.5
69000,42.25,0.43,15.0,0.0,23.25,0.83
69250,42.0,0.0,15.0,0.0,23.0,0.71
69500,42.5,0.5,14.0,1.0,23.25,0.83
69750,42.33,0.47,14.0,0.0,24.0,0.0
70000,42.5,0.5,14.25,0.43,24.0,0.0
70250,42.5,0.5,15.0,0.0,24.0,0.0
70500,42.33,0.47,15.0,0.0,24.25,0.43
70750,42.5,0.5,15.0,0.0,23.5,0.5
71000,42.5,0.5,15.0,0.0,23.0,0.71
71250,42.33,0.47,15.33,0.47,23.0,0.71
71500,42.5,0.5,15.0,0.0,23.25,0.83
71750,42.5,0.5,15.0,0.0,23.25,0.43
72000,42.5,0.5,15.0,0.0,23.0,0.71
72250,42.5,0.5,15.0,0.0,22.75,0.43
72500,42.5,0.5,15.0,0.0,23.0,0.0
72750,42.5,0.5,15.0,0.0,22.5,0.5
73000,42.5,0.5,15.0,0.0,22.75,0.43
73250,42.5,0.5,14.25,0.43,23.25,0.83
73500,42.5,0.5,15.25,0.43,23.0,0.0
73750,42.5,0.5,14.67,0.47,23.67,0.47
74000,42.5,0.5,14.25,0.43,23.75,0.43
74250,42.5,0.5,13.6,0.49,23.8,0.4
74500,42.5,0.5,12.67,0.47,23.33,0.47
74750,42.5,0.5,12.75,0.43,23.5,0.5
75000,42.5,0.5,12.75,0.43,23.5,0.5
75250,42.5,0.5,12.75,0.83,23.5,0.5
75500,42.67,0.47,13.0,0.71,23.67,0.47
75750,42.33,0.47,13.33,0.47,23.5,0.5
76000,42.33,0.47,13.67,0.47,23.0,0.71
76250,42.5,0.5,14.5,0.5,23.25,0.83
76500,42.5,0.5,15.0,0.0,22.75,0.43
76750,42.5,0.5,15.0,0.0,23.0,0.71
77000,42.5,0.5,15.0,0.0,22.5,0.5
77250,42.75,0.83,15.0,0.0,22.5,0.5
77500,42.5,0.5,15.0,0.0,23.5,0.5
77750,42.5,0.5,14.75,0.43,23.75,0.43
78000,42.5,0.5,15.0,0.0,23.5,0.5
78250,42.5,0.5,15.0,0.0,23.5,0.5
78500,42.75,0.43,15.0,0.0,23.0,0.82
78750,42.5,0.5,14.75,0.43,23.5,0.5
79000,42.67,0.47,15.0,0.0,22.67,0.47
79250,42.67,0.94,14.67,0.47,22.75,0.83
79500,42.5,0.5,15.0,0.0,22.5,0.5
79750,42.75,0.43,15.0,0.0,22.5,0.5
80000,43.25,0.83,14.75,0.43,22.5,0.5
80250,42.5,0.5,13.5,0.5,22.75,0.83
80500,43.0,0.71,14.25,0.43,22.5,0.87
80750,42.5,0.5,14.0,0.0,22.25,0.83
81000,42.75,0.43,14.5,0.5,22.5,0.5
81250,42.5,0.5,14.67,0.47,22.33,0.47
81500,42.67,0.47,15.0,0.0,23.0,0.82
81750,42.5,0.5,15.0,0.0,22.75,0.83
82000,42.67,0.47,15.0,0.0,22.5,0.5
82250,42.75,0.83,15.0,0.0,23.0,0.71
82500,43.25,0.83,15.0,0.0,23.25,0.43
82750,42.75,0.83,14.75,0.43,24.0,0.0
83000,42.67,0.47,15.0,0.0,24.0,0.0
83250,42.6,0.49,15.4,0.49,23.83,0.37
83500,43.5,0.5,16.0,0.82,23.33,0.94
83750,42.5,0.5,14.33,0.94,21.75,0.83
84000,42.5,0.5,12.67,0.47,22.33,0.94
84250,42.67,0.47,12.0,0.0,21.67,0.47
84500,42.75,0.43,12.0,0.0,21.75,0.83
84750,42.5,0.5,12.0,0.0,22.0,0.0
85000,42.67,0.47,12.33,0.47,22.25,1.09
85250,44.25,0.43,14.25,0.43,23.75,0.43
85500,44.67,0.47,14.5,0.5,24.0,0.0
85750,45.0,0.0,15.25,0.43,24.0,0.0
86000,44.75,0.43,16.0,0.0,24.5,0.5
86250,44.5,0.5,15.75,0.43,24.0,0.0
86500,44.5,0.5,15.25,0.43,24.0,0.0
86750,44.25,0.83,13.75,0.83,24.0,0.0
87000,43.5,0.5,14.0,0.71,23.5,0.5
87250,44.5,0.5,15.0,0.0,23.67,0.47
87500,44.5,0.5,14.75,0.43,24.25,0.43
87750,44.67,0.47,13.0,0.71,24.0,0.0
88000,45.0,0.0,15.0,0.0,24.25,0.43
88250,45.0,0.0,16.33,1.25,25.5,0.5
88500,46.0,0.71,19.5,0.87,26.0,1.0
88750,46.5,0.5,21.0,0.0,24.5,0.87
89000,45.75,0.83,20.75,0.43,22.75,0.43
89250,43.5,1.12,17.75,1.79,22.5,0.87
89500,42.5,0.5,14.25,0.83,22.25,0.43
89750,42.0,0.0,12.5,0.5,21.75,0.83
90000,42.0,0.0,12.0,0.0,22.67,0.47
90250,42.0,0.0,11.5,0.5,23.0,0.71
90500,42.0,0.0,10.25,0.43,22.5,0.5
90750,42.0,0.0,10.5,1.12,22.33,0.47
91000,42.0,0.0,9.0,0.71,22.75,1.09
91250,42.0,0.0,9.67,0.47,22.5,1.12
91500,42.0,0.0,10.75,0.43,23.25,0.43
91750,42.0,0.0,10.0,0.0,23.0,0.0
92000,42.0,0.0,10.75,0.43,23.0,0.71
92250,42.0,0.0,11.75,0.43,23.75,0.43
92500,42.0,0.0,10.0,0.82,24.0,0.0
92750,42.0,0.0,9.75,0.43,23.75,0.43
93000,42.67,0.47,11.25,0.43,23.67,0.47
93250,42.25,0.43,10.0,0.0,23.75,0.43
93500,42.0,0.0,10.75,0.83,24.0,0.0
93750,42.5,0.5,11.5,0.87,24.0,0.0
94000,42.5,0.5,12.0,0.0,23.25,0.43
94250,42.5,0.5,11.5,0.5,23.75,0.43
94500,42.33,0.47,11.67,0.47,23.25,0.43
94750,42.25,0.43,12.0,0.0,23.75,0.43
95000,42.33,0.47,11.0,0.82,22.5,0.5
95250,42.5,0.5,11.5,0.87,22.75,0.43
95500,42.5,0.5,12.0,0.0,23.5,0.5
95750,42.5,0.5,11.5,0.5,23.5,0.5
96000,42.5,0.5,11.0,0.0,24.0,0.0
96250,42.5,0.5,11.0,0.0,24.0,0.0
96500,42.5,0.5,11.75,0.43,23.75,0.43
96750,42.5,0.5,12.0,0.0,23.67,0.47
97000,42.67,0.47,12.67,0.94,23.5,0.5
97250,42.33,0.47,12.0,0.0,24.0,0.0
97500,43.0,0.0,13.25,0.83,23.75,0.43
97750,43.0,0.0,14.0,0.71,23.25,0.43
98000,42.5,0.5,15.0,0.0,23.0,0.71
98250,42.75,0.43,15.0,0.0,23.0,1.0
98500,42.5,0.5,15.0,0.0,23.25,0.83
98750,42.5,0.5,14.75,0.43,23.5,0.5
99000,42.75,0.83,15.0,0.0,22.0,0.71
99250,43.0,0.71,14.75,0.43,22.5,0.5
99500,42.67,0.47,15.0,0.0,21.0,0.0
99750,43.0,0.0,15.0,0.0,22.67,0.47
100000,42.5,0.5,14.75,0.43,22.5,0.5
100250,42.5,0.5,12.75,0.43,22.5,1.12
100500,42.33,0.47,14.33,0.47,23.5,0.5
100750,43.0,0.71,12.0,0.71,24.0,0.0
101000,42.5,0.5,8.5,2.5,23.0,1.22
101250,42.5,0.5,13.75,1.3,21.0,0.0
101500,43.0,0.71,15.25,1.48,22.25,0.83
101750,42.5,0.5,18.0,0.0,23.5,0.5
102000,42.5,0.5,15.25,0.83,23.25,0.83
102250,42.5,0.5,14.75,0.43,22.5,0.5
102500,42.5,0.5,9.25,5.21,22.0,1.22
102750,42.5,0.5,10.75,2.28,24.0,0.0
103000,42.75,0.43,12.33,0.47,23.67,0.47
103250,42.5,0.5,5.75,1.3,24.0,0.0
103500,42.75,0.83,6.33,0.47,24.0,0.0
103750,42.75,0.83,10.75,1.3,24.0,0.0
104000,43.0,0.82,12.25,0.43,24.0,0.0
104250,42.75,0.43,12.25,0.43,24.0,0.0
104500,42.75,0.43,12.75,0.43,23.5,0.5
104750,42.5,0.5,12.0,0.0,23.75,0.43
105000,42.67,0.47,12.67,0.47,23.5,0.5
105250,43.0,0.71,12.5,0.5,23.75,0.43
105500,43.0,0.71,12.0,0.0,23.75,0.43
105750,43.0,1.0,13.0,0.0,24.0,0.0
106000,42.75,0.83,12.0,0.0,23.75,0.43
106250,42.5,0.5,12.25,0.43,23.5,0.5
106500,42.75,0.43,12.0,0.0,23.75,0.43
106750,42.5,0.5,13.0,0.0,23.75,0.43
107000,42.5,0.5,13.25,0.43,23.5,0.5
107250,43.0,0.71,12.33,0.47,24.0,0.0
107500,42.75,0.83,12.0,0.0,23.5,0.5
107750,42.75,0.43,12.25,0.43,23.5,0.5
108000,42.75,0.83,12.4,0.49,23.8,0.4
108250,42.75,0.43,12.0,0.0,23.67,0.47
108500,43.0,0.82,11.25,1.3,24.0,0.0
108750,43.67,0.47,8.5,0.5,25.0,1.0
109000,43.67,0.47,10.0,1.41,24.75,0.83
109250,44.25,0.83,12.0,0.0,24.0,0.0
109500,43.75,0.43,12.25,0.43,24.0,0.0
109750,43.25,0.83,13.0,0.71,24.0,0.0
110000,43.0,0.0,12.25,0.43,24.0,0.0
110250,43.0,0.0,12.0,0.0,24.0,0.0
110500,43.25,0.43,12.0,0.0,24.0,0.0
110750,43.25,0.83,12.0,0.0,24.0,0.0
111000,43.25,0.83,12.75,0.83,24.0,0.0
111250,43.25,0.43,14.0,0.0,24.0,0.0
111500,42.75,0.83,12.25,0.43,24.0,0.0
111750,43.0,0.71,12.5,0.87,23.75,0.43
112000,43.67,0.47,12.0,0.0,24.0,0.0
112250,42.67,0.47,11.33,0.47,24.0,0.0
112500,42.5,0.5,11.75,0.43,23.5,0.5
112750,43.0,1.0,13.5,1.12,23.0,0.71
113000,42.5,0.5,15.0,0.71,22.0,0.71
113250,42.75,0.43,15.0,0.0,21.5,0.5
113500,42.75,0.43,15.75,0.43,21.5,0.5
113750,42.75,0.83,16.5,0.5,21.0,0.0
114000,42.75,0.83,17.0,0.0,21.25,0.43
114250,43.0,0.82,17.75,0.43,21.0,0.0
114500,42.75,0.43,17.0,0.0,21.25,0.43
114750,43.0,0.71,17.0,0.0,21.0,0.0
115000,43.0,0.71,17.0,0.0,21.75,0.83
115250,43.5,0.5,16.5,0.5,22.0,0.71
115500,43.0,0.0,14.5,1.12,23.67,0.47
115750,43.0,0.71,15.5,2.29,20.5,1.8
116000,42.33,0.47,16.67,1.25,20.0,1.22
116250,41.75,0.43,16.5,1.12,22.25,0.83
116500,41.25,0.83,18.5,0.87,22.25,0.43
116750,40.0,1.0,18.75,0.83,19.25,1.3
117000,38.0,1.58,23.25,1.3,14.0,2.45
117250,37.75,1.3,18.75,1.3,8.0,4.06
117500,37.0,0.71,16.0,1.41,12.33,0.94
117750,38.25,0.83,15.5,1.12,16.5,0.5
118000,40.25,1.3,18.0,0.0,18.5,0.5
118250,42.33,0.47,18.5,0.5,21.33,0.47
118500,43.33,0.47,17.67,0.47,22.25,0.83
118750,43.5,0.5,14.5,1.12,22.5,0.87
119000,44.0,0.0,18.0,0.71,22.25,1.09
119250,44.25,0.83,16.5,2.29,23.25,1.3
119500,42.5,0.87,13.5,1.5,16.25,3.11
119750,41.5,0.5,15.25,1.79,13.0,1.22
0,42.0,0.0,18.5,0.5,12.0,0.0
250,42.0,0.0,18.0,0.0,11.33,0.94
500,42.75,0.43,16.75,1.79,18.25,0.43
750,42.5,0.5,16.75,0.83,19.0,1.22
1000,43.0,0.82,16.25,0.83,18.0,0.0
1250,43.67,0.47,12.75,0.83,19.0,0.82
1500,43.5,0.5,12.0,0.0,19.75,0.43
1750,43.5,0.5,13.75,0.83,18.5,0.5
2000,43.33,0.47,15.33,0.47,20.5,0.5
2250,43.5,0.5,18.0,1.87,20.5,0.87
2500,43.5,0.5,18.5,0.5,19.5,1.66
2750,43.75,0.83,19.67,0.47,16.0,0.82
3000,44.25,0.43,21.0,0.0,17.2,0.75
3250,44.0,0.71,21.0,0.0,16.5,0.87
3500,43.75,0.83,19.25,1.3,17.25,2.28
3750,43.75,0.43,20.0,1.41,19.33,0.94
4000,43.33,0.94,18.0,1.41,21.33,0.47
4250,42.5,0.87,13.75,1.3,19.5,1.66
4500,42.33,0.47,17.0,1.41,16.25,1.3
4750,41.75,0.43,17.25,0.83,14.0,1.0
5000,41.5,0.5,15.5,1.12,17.0,1.22
5250,42.0,0.0,16.5,0.5,19.25,0.83
5500,42.67,0.47,17.0,1.22,22.0,1.63
5750,42.0,0.0,15.0,0.0,23.5,0.5
6000,41.5,0.5,14.67,0.47,24.0,0.0
6250,40.75,0.83,15.0,1.22,23.75,0.43
6500,41.5,0.5,17.25,0.83,24.75,1.3
6750,42.0,0.0,16.0,0.0,27.33,0.47
7000,42.0,0.0,15.33,2.49,28.5,0.87
7250,42.0,0.0,8.0,3.27,26.75,1.79
7500,42.75,0.83,11.25,3.34,23.0,1.22
7750,42.67,0.47,10.67,1.25,21.0,0.0
8000,42.2,0.4,12.2,0.4,21.17,0.37
8250,42.75,0.43,14.5,0.5,21.0,0.0
8500,43.5,0.5,15.0,0.0,21.0,0.0
8750,43.67,0.47,15.0,0.0,21.33,0.47
9000,44.5,0.5,15.0,0.0,21.0,0.0
9250,44.5,0.5,14.75,0.43,21.25,0.43
9500,44.5,0.5,15.0,0.0,21.25,0.43
9750,44.25,0.83,14.5,0.5,21.0,0.0
10000,44.5,0.5,15.0,0.0,21.0,0.0
10250,44.5,0.5,15.0,0.0,21.0,0.0
10500,44.5,0.5,15.0,0.0,21.0,0.0
10750,44.5,0.5,14.75,0.43,21.0,0.0
11000,43.5,1.12,11.5,0.5,21.75,0.43
11250,42.25,0.43,15.25,4.44,23.25,1.92
11500,42.0,0.0,14.75,3.42,26.67,2.05
11750,44.0,0.82,13.67,1.25,30.25,0.43
12000,42.75,0.83,19.75,1.09,30.5,0.87
12250,42.0,0.0,20.25,0.83,30.75,0.83
12500,42.0,0.0,21.5,0.5,30.67,0.47
12750,42.25,0.43,24.0,0.0,30.0,0.0
13000,42.5,0.5,24.75,0.43,30.0,0.0
13250,42.5,0.5,26.33,0.47,30.0,0.0
13500,42.5,0.5,25.25,0.43,29.5,0.5
13750,42.67,0.47,24.5,0.5,29.0,0.0
14000,42.33,0.47,24.33,0.47,29.75,0.43
14250,42.8,0.4,24.8,0.4,29.5,0.5
14500,42.5,0.5,24.67,0.47,30.0,0.0
14750,42.5,0.5,25.0,0.0,29.25,0.43
15000,42.75,0.83,23.5,1.5,29.75,0.43
15250,42.75,0.43,13.25,2.86,30.5,0.5
15500,43.0,0.71,9.5,5.12,30.25,0.43
15750,42.75,0.83,12.5,5.17,30.0,0.0
16000,42.5,0.5,19.0,1.22,30.0,0.0
16250,42.67,0.47,13.0,2.55,30.33,0.47
16500,42.0,0.0,5.5,2.5,30.0,0.0
16750,41.75,0.43,4.0,0.0,30.0,0.0
17000,42.0,0.0,7.0,1.41,29.5,0.5
17250,42.0,0.0,8.25,1.09,30.0,0.0
17500,42.0,0.0,12.0,0.0,30.0,0.0
17750,42.0,0.0,14.67,2.05,30.0,0.0
18000,42.0,0.0,17.0,0.71,30.0,0.0
18250,42.0,0.0,15.5,0.5,30.0,0.0
18500,42.0,0.0,16.5,0.87,30.0,0.0
18750,42.0,0.0,12.5,2.29,30.0,0.0
19000,42.0,0.0,13.0,1.41,30.0,0.0
19250,42.0,0.0,14.25,1.48,30.0,0.0
19500,42.0,0.0,15.75,1.92,30.0,0.0
19750,42.0,0.0,18.0,0.0,30.0,0.0
20000,42.0,0.0,17.25,0.83,30.0,0.0
20250,42.0,0.0,17.25,1.79,29.75,0.43
20500,42.0,0.0,17.5,0.5,30.0,0.0
20750,42.0,0.0,18.0,0.0,30.0,0.0
21000,42.0,0.0,15.5,1.12,30.0,0.0
21250,42.67,0.47,13.67,2.49,30.25,0.43
21500,44.5,0.5,17.0,1.22,28.0,1.22
21750,45.0,0.0,13.0,1.0,26.5,0.87
22000,45.0,0.0,13.0,1.58,25.25,1.3
22250,43.75,1.09,12.5,0.87,22.25,1.3
22500,42.75,0.83,15.0,0.0,18.75,0.83
22750,42.0,0.0,12.5,1.5,17.5,0.5
23000,41.5,0.5,11.25,0.83,14.5,0.87
23250,42.0,0.0,14.25,0.83,15.5,1.8
23500,42.0,0.0,15.0,0.0,18.33,0.47
23750,42.0,0.0,14.5,0.5,20.75,0.43
24000,42.0,0.0,18.5,1.12,16.0,1.41
24250,42.0,0.0,17.25,0.83,15.75,0.83
24500,42.0,0.0,15.75,0.43,13.0,0.71
24750,42.0,0.0,14.0,0.82,14.25,1.3
25000,42.0,0.0,13.0,0.71,18.25,2.17
25250,42.25,0.43,12.0,0.0,21.25,0.43
25500,42.25,0.43,12.5,0.5,22.0,0.71
25750,42.25,0.43,13.0,0.0,21.5,0.5
26000,42.75,0.83,13.5,0.5,22.5,0.5
26250,43.0,0.71,12.5,0.5,22.75,0.43
26500,42.5,0.5,12.25,0.43,22.25,0.43
26750,43.0,1.0,12.0,0.0,23.0,0.0
27000,43.5,0.5,11.5,0.87,23.5,0.5
27250,43.67,0.47,12.0,0.0,23.33,0.47
27500,43.5,0.5,14.0,1.0,22.75,0.43
27750,43.5,0.5,15.75,0.83,21.25,0.43
28000,43.67,0.47,17.33,0.47,21.0,0.0
28250,44.5,0.5,18.0,0.0,21.0,0.0
28500,44.25,0.43,17.0,0.71,21.67,0.47
28750,44.0,0.71,16.25,0.43,22.0,0.71
29000,43.75,0.43,16.25,0.43,21.5,0.5
29250,43.75,0.43,15.0,0.0,21.25,0.43
29500,43.75,0.43,15.0,0.0,21.33,0.47
29750,43.75,0.43,16.0,0.71,22.0,0.71
30000,44.33,0.47,15.33,0.47,22.67,0.47
30250,44.5,0.5,16.0,0.71,22.5,1.12
30500,44.33,0.47,15.5,0.5,22.5,0.5
30750,44.5,0.5,15.0,0.0,23.5,0.5
31000,44.5,0.5,15.25,0.43,23.5,0.5
31250,44.5,0.5,15.0,0.0,23.5,0.5
31500,44.5,0.5,13.75,1.3,25.5,0.87
31750,44.5,0.5,10.25,1.09,24.75,0.83
32000,44.5,0.5,11.25,0.83,22.75,1.3
32250,44.5,0.5,6.5,0.5,24.25,0.43
32500,44.25,0.43,11.25,1.3,24.25,0.43
32750,43.75,0.83,15.0,0.0,21.67,0.94
33000,43.5,0.5,12.0,1.41,23.25,0.43
33250,43.0,0.71,11.5,0.87,21.5,0.87
33500,42.67,0.47,11.75,0.43,21.33,0.47
33750,42.33,0.47,10.25,1.09,21.0,0.0
34000,42.0,0.0,12.5,1.12,23.25,0.43
34250,42.0,0.0,15.33,0.47,21.25,0.43
34500,42.75,0.43,17.25,0.83,21.0,0.0
34750,43.5,0.5,18.0,0.0,21.0,0.0
35000,43.5,0.5,17.75,0.43,21.5,0.5
35250,43.5,0.5,17.67,0.47,21.67,0.94
35500,44.5,0.5,16.75,0.83,23.0,0.71
35750,43.67,0.47,16.0,0.0,23.67,0.47
36000,43.5,0.5,15.0,0.0,23.75,0.43
36250,43.33,0.47,15.0,0.0,23.5,0.5
36500,43.33,0.47,14.67,0.47,24.0,0.0
36750,43.5,0.5,15.0,0.0,24.0,0.0
37000,43.75,0.43,14.25,0.43,23.75,0.43
37250,44.25,0.43,14.0,0.0,24.0,0.0
37500,44.0,0.71,14.5,0.5,24.0,0.0
37750,43.75,0.43,15.0,0.0,23.75,0.43
38000,44.25,0.83,15.0,0.0,24.0,0.0
38250,44.25,0.43,15.0,0.0,24.0,0.0
38500,44.5,0.5,16.5,1.5,23.0,1.22
38750,44.5,0.5,17.0,1.0,22.75,1.3
39000,44.75,0.43,15.75,0.43,24.0,0.0
39250,44.5,0.5,16.5,0.5,24.0,0.0
39500,44.67,0.47,15.25,0.43,24.0,0.0
39750,44.5,0.5,17.0,1.0,24.0,0.0
40000,44.75,0.43,17.75,0.43,24.0,0.0
40250,44.33,0.47,18.0,0.0,24.0,0.0
40500,44.5,0.5,18.0,0.0,23.5,0.5
40750,44.5,0.5,17.0,1.22,22.75,0.83
41000,44.0,0.71,13.0,1.22,23.25,0.83
41250,42.25,0.43,15.25,1.79,24.0,0.71
41500,42.25,0.43,18.0,2.12,20.5,1.5
41750,43.0,0.71,18.33,0.47,20.0,1.41
42000,44.25,0.43,18.5,0.5,18.75,1.3
42250,44.5,0.5,18.25,0.43,18.0,0.0
42500,44.67,0.47,16.25,1.64,24.0,0.0
42750,44.0,0.71,17.5,1.12,23.0,2.12
43000,43.67,0.47,23.33,0.94,23.5,0.5
43250,44.5,0.5,23.0,1.22,22.75,0.83
43500,44.5,0.5,23.0,0.71,23.75,0.43
43750,44.5,0.5,21.5,1.12,24.0,0.0
44000,45.0,0.0,17.75,0.43,23.75,0.43
44250,44.75,0.43,18.0,0.0,22.5,0.5
44500,44.75,0.43,18.25,0.43,22.25,0.83
44750,45.0,0.0,21.0,0.0,22.75,0.83
45000,45.0,0.0,20.75,0.43,23.0,0.0
45250,45.0,0.0,18.25,0.43,21.0,0.0
45500,45.0,0.0,18.67,0.47,21.0,0.0
45750,45.0,0.0,18.75,0.43,21.25,0.43
46000,44.75,0.43,19.0,0.0,21.0,0.0
46250,45.0,0.0,19.0,0.0,21.0,0.0
46500,45.0,0.0,18.5,0.5,21.0,0.0
46750,45.0,0.0,18.25,0.43,20.75,0.43
47000,45.0,0.0,18.25,0.43,20.75,0.43
47250,45.0,0.0,18.0,0.0,20.5,0.5
47500,45.0,0.0,18.0,0.0,21.0,0.0
47750,44.5,0.5,18.0,0.0,21.0,0.0
48000,44.5,0.5,18.0,0.0,21.0,0.0
48250,44.5,0.5,18.0,0.0,20.75,0.43
48500,44.5,0.5,18.0,0.0,20.0,0.71
48750,44.67,0.47,18.0,0.0,19.67,1.25
49000,44.5,0.5,18.0,0.0,19.25,0.83
49250,44.33,0.47,18.0,0.0,19.75,0.83
49500,44.5,0.5,18.0,0.0,20.0,0.71
49750,44.5,0.5,18.0,0.0,19.5,0.5
50000,44.5,0.5,18.0,0.0,19.25,0.83
50250,44.5,0.5,18.0,0.0,19.25,1.09
50500,44.5,0.5,18.0,0.0,19.0,0.71
50750,44.5,0.5,18.0,0.0,19.0,0.71
51000,44.5,0.5,18.0,0.0,19.0,0.71
51250,44.5,0.5,18.0,0.0,19.0,0.0
51500,44.5,0.5,18.0,0.0,18.75,0.43
51750,45.0,0.0,18.0,0.0,19.0,0.82
52000,44.75,0.43,18.0,0.0,19.25,0.43
52250,45.0,0.0,18.0,0.0,19.5,0.5
52500,45.0,0.0,18.25,0.43,19.67,1.25
52750,45.0,0.0,18.0,0.0,20.0,0.71
53000,45.0,0.0,18.0,0.0,19.0,1.0
53250,45.0,0.0,18.0,0.0,19.25,0.83
53500,44.67,0.47,18.0,0.0,18.25,0.43
53750,44.75,0.43,18.0,0.0,18.67,0.94
54000,45.0,0.0,18.25,0.43,18.25,0.43
54250,45.0,0.0,18.0,0.0,18.25,0.43
54500,44.75,0.43,18.0,0.0,18.0,0.0
54750,45.0,0.0,18.0,0.0,18.33,0.47
55000,45.0,0.0,18.0,0.0,18.33,0.47
55250,45.0,0.0,18.0,0.0,18.0,0.0
55500,45.0,0.0,18.0,0.0,18.0,0.0
55750,45.0,0.0,18.0,0.0,18.25,0.43
56000,45.0,0.0,18.0,0.0,18.25,0.43
56250,45.0,0.0,18.0,0.0,18.0,0.0
56500,45.0,0.0,18.0,0.0,18.5,0.87
56750,45.0,0.0,19.0,0.71,18.5,0.5
57000,45.0,0.0,20.25,0.43,18.5,0.5
57250,45.0,0.0,20.75,0.43,18.5,0.5
57500,44.5,0.5,21.0,0.0,18.33,0.47
57750,44.5,0.5,21.0,0.0,18.25,0.43
58000,44.5,0.5,21.0,0.0,18.0,0.0
58250,44.67,0.47,21.0,0.0,18.0,0.0
58500,43.5,0.5,20.0,0.71,17.5,0.5
58750,42.0,0.0,17.75,1.09,16.5,0.5
59000,38.75,1.09,14.25,0.83,16.25,1.09
59250,36.67,0.94,13.67,0.47,18.5,0.87
59500,39.25,0.43,16.0,0.71,16.75,0.83
59750,43.25,1.3,18.0,1.87,18.0,0.71
60000,46.25,0.83,22.5,0.87,19.25,1.92
60250,46.75,0.43,22.25,0.83,19.25,1.09
60500,47.0,0.0,24.0,0.0,22.25,1.09
60750,47.5,0.5,22.5,1.12,23.75,0.43
61000,47.5,0.5,20.75,1.09,22.0,1.22
61250,47.5,0.5,18.0,0.0,24.67,0.94
61500,47.5,0.5,18.6,0.8,24.0,0.0
61750,47.75,0.43,19.0,0.82,24.0,0.0
62000,48.0,0.0,18.0,0.0,24.0,0.0
62250,47.75,0.43,18.0,0.0,24.0,0.0
62500,48.0,0.0,18.75,0.43,24.0,0.0
62750,48.0,0.0,18.75,0.83,24.0,0.0
63000,48.0,0.0,18.5,0.5,25.25,0.83
63250,48.0,0.0,19.25,0.43,25.25,0.83
63500,48.0,0.0,18.67,0.47,25.5,0.5
63750,47.75,0.43,18.25,0.43,25.5,1.12
64000,46.75,1.09,18.0,0.0,24.0,0.71
64250,44.5,1.5,15.75,2.49,21.25,0.43
64500,42.0,0.0,12.75,0.43,20.75,0.43
64750,42.5,0.5,17.75,1.09,20.25,0.83
65000,44.5,0.5,22.5,1.66,18.75,1.3
65250,44.5,0.5,22.25,0.83,21.75,1.3
65500,43.75,0.83,19.0,2.16,22.33,1.25
65750,43.5,0.5,17.5,0.5,24.5,0.87
66000,44.33,0.47,16.0,1.0,24.33,0.47
66250,43.4,0.49,11.25,0.83,24.2,0.4
66500,43.67,0.47,7.33,2.36,24.0,0.0
66750,44.5,0.5,7.75,0.83,25.0,1.0
67000,45.0,0.0,5.0,0.82,24.75,0.83
67250,45.0,0.0,5.0,1.0,24.0,0.0
67500,45.0,0.0,1.5,0.5,24.25,0.43
67750,45.0,0.0,3.0,0.0,24.0,0.0
68000,45.0,0.0,4.5,2.5,24.0,0.0
68250,44.75,0.43,6.0,1.58,24.0,0.0
68500,44.5,0.5,7.0,1.22,24.0,0.0
68750,43.5,0.5,6.33,0.94,24.0,0.0
69000,44.25,0.43,10.0,0.71,24.0,0.0
69250,44.0,0.82,10.75,0.83,23.67,0.47
69500,43.5,0.5,12.0,0.0,22.5,0.5
69750,43.33,0.47,13.33,0.47,21.5,0.5
70000,43.5,0.5,14.5,0.5,21.5,0.5
70250,43.5,0.5,12.75,1.48,22.75,1.09
70500,43.5,0.5,13.5,0.87,22.0,0.71
70750,43.5,0.5,14.67,0.47,21.75,0.83
71000,43.5,0.5,15.0,0.0,21.5,0.5
71250,43.75,0.43,14.75,0.43,22.0,1.0
71500,43.5,0.5,15.0,0.0,22.25,0.83
71750,44.0,0.0,15.0,0.0,21.75,0.83
72000,44.25,0.43,15.0,0.0,22.67,0.47
72250,43.75,0.43,14.0,1.0,23.0,0.71
72500,44.25,0.43,13.0,0.71,23.75,0.43
72750,44.33,0.47,14.25,0.43,24.0,0.0
73000,44.5,0.5,14.25,0.83,24.0,0.0
73250,44.2,0.4,15.0,0.0,23.4,0.49
73500,44.0,0.0,15.0,0.0,23.67,0.47
73750,44.25,0.43,14.75,0.43,23.5,0.5
74000,44.33,0.47,14.67,0.47,23.0,0.71
74250,44.5,0.5,15.0,0.0,22.75,0.43
74500,44.5,0.5,15.0,0.0,22.25,0.43
74750,44.5,0.5,15.25,0.43,21.75,0.83
75000,44.5,0.5,14.75,0.43,22.75,0.43
75250,44.5,0.5,15.0,0.0,22.25,0.83
75500,44.5,0.5,15.5,0.5,21.25,0.43
75750,44.5,0.5,16.0,0.0,21.33,0.47
76000,44.5,0.5,15.33,0.47,21.0,0.0
76250,44.67,0.47,16.0,0.71,21.0,0.0
76500,44.5,0.5,17.5,0.5,21.25,0.43
76750,44.5,0.5,16.75,0.43,21.25,0.43
77000,44.33,0.47,17.0,0.0,21.25,0.43
77250,44.5,0.5,17.25,0.43,21.0,0.0
77500,44.5,0.5,17.75,0.43,21.25,0.43
77750,44.5,0.5,18.0,0.0,21.25,0.43
78000,44.5,0.5,18.0,0.0,21.0,0.0
78250,44.5,0.5,18.0,0.0,21.0,0.0
78500,44.5,0.5,18.0,0.0,20.75,0.43
78750,44.5,0.5,18.0,0.0,21.0,0.0
79000,44.5,0.5,17.5,0.5,21.25,0.43
79250,44.67,0.47,17.75,0.43,21.0,0.0
79500,44.5,0.5,17.0,0.0,21.25,0.43
79750,44.5,0.5,16.75,0.43,21.5,0.5
80000,44.33,0.47,15.67,0.47,21.0,0.0
80250,44.5,0.5,16.5,0.87,21.25,0.43
80500,44.5,0.5,17.0,0.0,21.25,0.43
80750,44.5,0.5,17.0,0.0,21.5,0.5
81000,44.5,0.5,17.0,0.0,21.25,0.43
81250,44.5,0.5,17.75,0.43,21.5,0.5
81500,44.5,0.5,18.0,0.0,21.5,0.87
81750,44.5,0.5,18.33,0.47,21.0,0.0
82000,44.67,0.47,18.0,0.0,21.0,0.0
82250,44.33,0.47,18.0,0.0,21.25,0.43
82500,44.6,0.49,18.0,0.0,21.25,0.43
82750,44.33,0.47,19.0,0.0,21.0,0.0
83000,44.5,0.5,19.0,0.0,21.0,0.0
83250,44.5,0.5,18.5,0.5,21.0,0.0
83500,44.5,0.5,18.75,0.43,21.0,0.0
83750,44.75,0.43,19.25,0.43,21.0,0.0
84000,44.67,0.47,19.0,0.0,21.0,0.0
84250,44.5,0.5,19.0,0.0,21.0,0.0
84500,44.5,0.5,18.75,0.43,21.0,0.0
84750,44.5,0.5,18.0,0.0,21.0,0.0
85000,44.5,0.5,18.0,0.0,21.0,0.0
85250,44.5,0.5,18.25,0.43,21.0,0.0
85500,44.67,0.47,18.0,0.0,20.67,0.47
85750,44.67,0.47,17.5,0.5,21.0,0.0
86000,44.33,0.47,18.0,0.0,21.0,0.0
86250,44.33,0.47,18.0,0.0,20.25,0.83
86500,44.5,0.5,18.0,0.0,20.0,0.71
86750,44.5,0.5,17.75,0.43,20.25,0.83
87000,44.5,0.5,18.0,0.0,21.0,0.0
87250,44.5,0.5,17.75,0.43,21.25,0.43
87500,44.5,0.5,16.5,0.5,21.0,0.0
87750,44.5,0.5,17.75,0.43,21.0,0.0
88000,44.5,0.5,18.0,0.0,20.33,0.47
88250,44.5,0.5,18.0,0.0,20.5,0.5
88500,44.5,0.5,18.5,0.5,20.75,0.43
88750,44.75,0.43,18.5,0.5,20.5,0.87
89000,44.5,0.5,18.5,0.5,20.5,0.5
89250,45.0,0.0,18.0,0.0,20.0,1.0
89500,45.0,0.0,18.25,0.43,20.33,0.94
89750,45.0,0.0,18.0,0.0,19.75,0.83
90000,44.75,0.43,18.0,0.0,19.75,0.43
90250,44.75,0.43,18.0,0.0,19.75,0.83
90500,44.75,0.43,18.0,0.0,19.25,0.83
90750,44.75,0.43,18.25,0.43,19.5,0.5
91000,44.75,0.43,19.25,0.43,19.75,0.83
91250,44.75,0.43,18.0,0.0,19.5,0.5
91500,44.5,0.5,18.25,0.43,19.5,0.87
91750,44.75,0.43,19.25,0.43,19.5,0.5
92000,44.75,0.43,19.0,0.82,19.33,0.94
92250,44.5,0.5,19.5,0.5,18.75,0.43
92500,44.5,0.5,18.0,0.0,18.5,0.5
92750,44.33,0.47,18.0,0.0,18.67,0.94
93000,42.0,0.71,12.25,3.56,16.75,0.83
93250,39.25,0.43,5.67,3.3,16.25,1.09
93500,38.33,0.47,7.67,0.47,19.25,1.3
93750,38.5,0.5,12.5,3.5,23.5,1.5
94000,37.33,1.25,14.33,1.25,22.5,2.96
94250,36.25,0.43,15.0,0.71,21.5,2.69
94500,36.5,0.5,18.0,0.71,22.75,1.3
94750,37.5,0.87,16.5,0.87,24.0,0.0
95000,39.25,0.43,16.25,1.09,24.0,0.0
95250,41.75,0.43,16.5,1.12,24.75,0.83
95500,42.0,0.0,13.0,1.73,21.75,1.3
95750,42.0,0.0,20.0,2.92,23.25,1.48
96000,42.5,0.5,22.0,1.0,23.25,0.83
96250,44.25,0.43,21.25,0.43,21.5,1.12
96500,45.0,0.0,21.75,0.83,23.25,1.3
96750,45.0,0.0,19.67,1.25,24.0,0.0
97000,45.0,0.0,20.25,1.3,22.67,2.62
97250,45.0,0.0,21.33,0.47,20.5,1.8
97500,45.0,0.0,22.0,1.0,24.75,1.64
97750,44.75,0.43,17.5,1.8,26.0,1.0
98000,44.25,0.83,8.67,2.49,25.5,1.12
98250,43.0,1.0,9.33,2.05,24.0,0.71
98500,43.0,0.82,12.5,0.5,22.5,0.5
98750,42.75,0.43,11.0,1.0,21.75,0.83
99000,43.25,0.43,9.5,0.5,22.0,1.0
99250,43.5,0.5,13.25,1.79,23.75,0.43
99500,43.75,0.83,15.0,0.0,23.67,0.47
99750,44.5,0.5,13.5,1.66,23.5,0.87
100000,44.67,0.47,13.75,1.79,22.0,0.82
100250,44.33,0.47,14.0,1.41,23.0,0.71
100500,44.5,0.5,15.0,0.0,23.5,0.5
100750,44.75,0.43,15.25,0.83,22.5,0.87
101000,44.5,0.5,13.75,1.3,23.75,0.43
101250,45.0,0.0,14.25,1.48,23.25,0.83
101500,44.75,0.43,15.75,0.83,21.75,0.83
101750,45.0,0.0,16.75,0.43,21.5,0.5
102000,45.0,0.0,15.5,1.12,21.25,0.43
102250,46.25,0.43,11.75,0.83,18.5,0.87
102500,46.75,0.43,12.0,0.0,18.5,0.87
102750,46.5,0.5,12.5,1.12,20.5,0.87
103000,46.5,0.5,15.5,0.87,21.25,0.43
103250,46.5,0.5,17.0,0.0,21.0,0.0
103500,47.25,0.43,16.25,0.83,21.0,0.0
103750,47.67,0.47,14.75,1.79,21.75,0.83
104000,48.0,0.0,11.0,0.71,21.33,0.47
104250,48.0,0.0,14.75,1.48,21.0,0.0
104500,48.0,0.0,18.0,0.0,21.0,0.0
104750,48.0,0.0,18.0,0.0,21.0,0.0
105000,48.0,0.0,17.5,0.87,19.5,0.5
105250,47.75,0.43,12.25,1.48,17.25,0.83
105500,46.75,0.83,14.0,1.22,13.75,1.3
105750,45.5,0.5,14.25,0.43,15.25,1.09
106000,45.5,0.5,17.0,0.71,16.5,1.12
106250,46.0,1.0,16.5,1.66,17.75,0.43
106500,45.5,0.87,14.67,0.47,16.67,1.25
106750,43.0,1.22,15.25,0.43,17.5,0.5
107000,42.5,0.5,15.0,0.0,18.67,0.47
107250,42.75,0.43,13.25,0.83,20.0,0.71
107500,43.5,0.5,12.0,0.0,21.0,0.0
107750,43.5,0.5,11.75,0.43,21.5,0.5
108000,44.0,0.0,12.0,0.0,23.0,0.71
108250,44.5,0.5,12.25,0.43,23.25,0.83
108500,44.0,0.71,10.75,0.83,23.75,0.43
108750,44.25,0.43,10.0,1.0,23.75,0.43
109000,44.67,0.47,12.0,0.0,24.0,0.0
109250,44.2,0.4,12.0,0.0,23.6,0.49
109500,44.67,0.47,14.0,0.71,23.0,0.0
109750,44.33,0.47,15.0,0.0,22.75,0.83
110000,44.5,0.5,15.0,0.0,22.5,0.5
110250,44.5,0.5,15.0,0.0,22.5,0.5
110500,44.5,0.5,15.25,0.43,21.75,0.83
110750,44.5,0.5,15.0,0.0,22.0,1.0
111000,44.5,0.5,14.67,0.47,22.0,0.0
111250,44.5,0.5,15.0,0.0,22.5,0.5
111500,44.67,0.47,15.0,0.0,22.0,0.82
111750,44.5,0.5,15.25,0.43,22.0,0.71
112000,44.33,0.47,15.33,0.47,22.25,0.43
112250,44.5,0.5,16.0,0.0,21.75,0.83
112500,44.5,0.5,16.33,0.47,21.67,0.94
112750,44.5,0.5,15.75,0.43,21.75,0.43
113000,44.75,0.43,15.5,0.5,21.5,0.5
113250,44.67,0.47,15.0,0.0,22.33,0.47
113500,44.75,0.43,15.0,0.0,21.75,0.83
113750,44.75,0.43,15.0,0.0,21.5,0.5
114000,44.33,0.47,15.0,0.0,21.5,0.5
114250,44.6,0.49,15.2,0.4,21.5,0.5
114500,44.33,0.47,15.0,0.0,22.5,1.12
114750,44.75,0.43,15.25,0.43,23.5,0.5
115000,44.5,0.5,11.25,1.48,24.0,0.0
115250,44.5,0.5,9.5,2.29,24.25,0.43
115500,44.75,0.43,11.25,0.43,24.0,0.0
115750,44.5,0.5,9.75,1.48,23.5,0.87
116000,44.25,0.83,12.0,0.0,23.25,0.83
116250,43.5,1.12,6.0,3.27,23.5,0.87
116500,42.25,0.43,7.67,3.09,22.75,1.3
116750,42.25,0.43,7.67,2.62,22.33,1.25
117000,42.0,0.0,4.5,2.6,23.4,1.2
117250,42.75,0.43,12.5,0.5,23.33,0.94
117500,43.67,0.47,16.67,1.7,24.67,0.94
117750,43.67,0.94,18.67,0.94,24.0,1.73
118000,43.5,0.5,16.5,0.87,23.5,0.87
118250,44.25,0.43,17.75,0.43,24.0,0.0
118500,44.5,0.5,16.75,1.3,24.25,0.43
118750,44.25,0.83,16.25,1.3,24.0,0.0
119000,44.0,0.71,11.0,1.0,24.0,0.0
119250,44.25,0.43,10.25,1.3,22.75,0.83
119500,43.75,0.43,7.33,2.87,21.5,0.5
119750,44.5,0.5,3.0,1.22,21.5,0.5
